root,translit,top_gloss,occurrences,n_ayahs,loc_raw,loc_whitened,delta
مدن,m-d-n,,17,17,1.801,0.78,-1.02
حمم,h-m-m,Intense heat,21,20,1.756,0.876,-0.88
عصو,3-s-w,Disobeyed,12,12,1.464,0.615,-0.849
سلك,s-l-k,Cleared,12,12,1.744,0.999,-0.745
بحر,b-h-r,"to cut, to slit",42,40,1.178,0.455,-0.723
جبل,j-b-l,,41,39,1.541,0.839,-0.702
عطو,3-T-w,Gave,14,12,1.524,0.833,-0.691
نبذ,n-b-dh,discarded,12,12,1.594,0.935,-0.659
لوم,l-w-m,Reproach,14,12,1.395,0.768,-0.627
وقت,w-q-t,,13,13,1.434,0.814,-0.62
وقع,w-q-3,Occurrence,24,22,1.539,0.922,-0.617
دري,d-r-a,To understand,29,28,1.547,0.947,-0.601
كيل,k-y-l,Measure,16,13,1.404,0.807,-0.597
كيد,k-y-d,To drive mad,35,29,1.48,0.895,-0.585
صلي,s-l-a,Filled,25,25,1.443,0.92,-0.523
بطن,b-T-n,Became large,25,25,1.349,0.855,-0.494
فكه,f-k-h,Jovial,19,19,1.164,0.674,-0.49
وزن,w-z-n,Balance,23,21,1.481,0.994,-0.487
مهد,m-h-d,made smooth,16,15,1.456,0.981,-0.475
بلد,b-l-d,Dwelt,19,19,1.239,0.779,-0.46
ثلث,th-l-th,to be cunning,32,28,1.076,0.639,-0.438
حدث,h-d-th,Hadith,36,36,1.369,0.95,-0.419
جحم,j-h-m,,26,26,1.029,0.615,-0.415
افك,a-f-k,he denied,30,29,1.372,0.958,-0.414
فجر,f-j-r,Burst,24,21,1.42,1.006,-0.414
بقي,b-q-a,remained,21,21,1.206,0.793,-0.414
زرع,z-r-3,Sowed,14,12,1.419,1.01,-0.409
وزر,w-z-r,,27,14,1.368,0.961,-0.407
طلق,T-l-q,Loose,23,21,1.317,0.912,-0.405
شرب,sh-r-b,Drank,39,34,1.446,1.042,-0.404
لبث,l-b-th,Stay,31,27,1.283,0.897,-0.386
لسن,l-s-n,Tongue,25,24,1.22,0.873,-0.347
عسر,3-s-r,To be difficult,12,12,1.476,1.137,-0.339
خفي,kh-f-a,Concealed,34,31,0.718,0.382,-0.336
ورث,w-r-th,,35,34,1.356,1.021,-0.335
خشع,kh-sh-3,Humble,17,16,1.151,0.823,-0.328
نشا,n-sh-a,established,28,25,1.205,0.89,-0.315
نذر,n-dh-r,Warner,130,115,1.08,0.771,-0.309
ترك,t-r-k,Abandonment,43,37,1.358,1.055,-0.303
فلك,f-l-k,Breast,25,25,1.17,0.869,-0.301
غدو,gh-d-w,hollow,16,16,1.196,0.906,-0.291
يتم,y-t-m,,23,22,1.074,0.786,-0.288
كيف,k-y-f,,83,83,1.257,0.978,-0.279
ندو,,,53,50,1.355,1.078,-0.277
ضيق,d-y-q,narrow,13,12,1.077,0.801,-0.277
نخل,n-kh-l,,20,20,1.079,0.804,-0.275
قسم,q-s-m,Divided,33,31,1.302,1.03,-0.272
سير,s-y-r,Walked,27,25,1.233,0.961,-0.272
خلق,kh-l-q,Creation,261,218,1.056,0.788,-0.268
عمي,3-m-a,Blind,33,30,1.145,0.879,-0.266
نبت,n-b-t,Plant,26,23,0.935,0.677,-0.257
سقي,s-q-a,to cause to drink,25,24,1.064,0.818,-0.246
اخو,a-kh-w,Brother,96,80,1.087,0.844,-0.244
حمل,h-m-l,Pregnancy,64,50,1.274,1.037,-0.238
الف,a-l-f,Thousand,22,19,1.142,0.911,-0.23
سلم,s-l-m,Safe,140,127,1.13,0.906,-0.224
عجل,3-j-l,Hasten,47,44,1.19,0.967,-0.223
قمر,q-m-r,Dazzled,27,26,0.987,0.765,-0.222
شقو,sh-q-w,Unhappy,12,12,1.217,0.997,-0.22
لعب,l-3-b,Played,20,20,1.054,0.835,-0.219
مكر,m-k-r,Artifice,43,23,0.998,0.782,-0.216
حور,h-w-r,Houris,13,12,1.062,0.846,-0.216
سطر,s-T-r,,16,16,0.857,0.643,-0.215
سنو,s-n-w,Year,20,20,1.34,1.126,-0.214
سوع,s-w-3,Hour,49,44,0.559,0.349,-0.21
لبب,l-b-b,,16,16,0.809,0.601,-0.208
صنع,s-n-3,Watī'ah,20,19,0.829,0.629,-0.199
غيب,gh-y-b,Absence,60,59,1.111,0.913,-0.198
فقه,f-q-h,,20,20,1.001,0.803,-0.198
شهد,sh-h-d,Witnessed,160,123,0.826,0.633,-0.193
صفف,s-f-f,Arranged,14,12,0.989,0.797,-0.192
شرق,sh-r-q,East,17,17,0.969,0.78,-0.19
عشر,3-sh-r,Tenth,27,26,1.142,0.953,-0.189
ابو,a-b-w,Father,117,104,1.113,0.927,-0.186
بصر,b-s-r,Seeing,148,139,1.177,0.994,-0.183
بيض,b-y-d,Whitened,12,12,1.16,0.981,-0.179
وذر,w-dh-r,,45,43,1.079,0.9,-0.179
عرب,3-r-b,Arabic,22,22,0.834,0.656,-0.178
حين,h-y-n,Time,35,33,1.069,0.894,-0.175
صبح,s-b-h,dawn,45,43,1.144,0.978,-0.166
بيت,b-y-t,house,73,54,0.966,0.801,-0.165
خطب,kh-T-b,To propose,12,12,1.157,0.994,-0.163
غلب,gh-l-b,Dominance,31,28,1.133,0.973,-0.16
صدر,s-d-r,Returned,46,43,0.957,0.802,-0.155
وثق,w-th-q,Covenant,34,29,0.621,0.471,-0.15
عين,3-y-n,Eye,65,63,1.027,0.878,-0.149
نظر,n-z-r,to theorize,129,115,1.122,0.975,-0.147
صمم,s-m-m,Whispered,15,14,0.734,0.589,-0.145
حشر,h-sh-r,Gathered,43,43,1.109,0.972,-0.137
انس,a-n-s,Familiarize,97,93,1.178,1.044,-0.134
عرش,3-r-sh,to construct,33,32,0.739,0.607,-0.132
رسو,r-s-w,Anchorage,14,14,1.011,0.881,-0.13
طعم,T-3-m,Food,48,41,1.104,0.975,-0.13
صحب,s-h-b,reddish,97,89,1.162,1.038,-0.124
نكر,n-k-r,Denial,37,37,0.814,0.691,-0.124
يمن,y-m-n,The Right,71,63,1.076,0.953,-0.123
ترب,t-r-b,Dust,22,22,1.2,1.078,-0.122
نسي,n-s-a,Forgot,45,37,1.209,1.088,-0.121
اهل,a-h-l,Inhabited,127,120,0.964,0.848,-0.116
غني,gh-n-a,Rich,73,72,0.957,0.842,-0.115
رفع,r-f-3,elevation,29,29,1.066,0.951,-0.115
حوط,h-w-T,Encompassing,28,27,1.14,1.026,-0.114
هجر,h-j-r,Delirious,31,27,0.88,0.767,-0.113
بني,b-n-a,built,183,150,1.05,0.938,-0.112
وحي,w-h-a,Quick,78,70,0.877,0.767,-0.11
بعث,b-3-th,Sending,67,64,1.066,0.958,-0.107
فدي,f-d-a,ransomed,13,13,0.797,0.69,-0.107
صغر,s-gh-r,Small,13,13,1.008,0.902,-0.106
فسد,f-s-d,Corruption,50,47,0.991,0.89,-0.101
ملا,m-l-a,filled,40,40,0.985,0.883,-0.101
سفر,s-f-r,swept,12,12,1.095,0.998,-0.097
انث,a-n-th,Female,30,26,0.858,0.76,-0.097
حول,h-w-l,Year,25,25,1.005,0.908,-0.097
نفع,n-f-3,Benefit,50,49,0.96,0.866,-0.095
خصم,kh-s-m,Opponent,18,17,1.012,0.936,-0.076
وري,w-r-a,,32,31,1.07,0.997,-0.073
قرا,q-r-a,disease,88,79,0.945,0.873,-0.071
خطا,kh-T-a,mistake,22,20,1.06,0.989,-0.071
اني,a-n-a,"""how""",36,36,0.881,0.814,-0.068
غشو,gh-sh-w,Swoon,29,26,1.235,1.169,-0.065
طغي,T-gh-a,Overstepped,39,39,0.984,0.922,-0.062
شهو,sh-h-w,Desire,13,13,0.795,0.734,-0.061
خسر,kh-s-r,Lost,65,60,0.929,0.868,-0.061
طير,T-y-r,Bird,29,24,0.874,0.815,-0.059
ذهب,dh-h-b,Went,56,56,0.958,0.901,-0.057
هوي,h-w-a,Desire,38,37,0.787,0.731,-0.057
سبق,s-b-q,preceded,37,35,1.045,0.989,-0.056
سوم,s-w-m,Attribute,15,15,0.989,0.934,-0.055
رجع,r-j-3,Returned,104,103,0.834,0.783,-0.051
قرر,q-r-r,settlement,38,37,0.951,0.9,-0.051
يسر,y-s-r,Facilitated,44,40,1.024,0.977,-0.048
يقن,y-q-n,Certainty,28,28,0.928,0.881,-0.047
عجب,3-j-b,Wonder,27,24,0.991,0.946,-0.044
حفظ,h-f-z,Preservation,44,42,0.89,0.85,-0.041
منن,m-n-n,Who,27,25,1.008,0.968,-0.04
صدق,s-d-q,truthful,155,144,1.031,0.991,-0.04
علو,3-l-w,Elevated,70,68,0.943,0.91,-0.033
حسر,h-s-r,Removed,12,12,1.052,1.028,-0.024
مري,m-r-a,,20,19,1.112,1.089,-0.023
رجو,r-j-w,,28,27,0.919,0.898,-0.022
كتب,k-t-b,Cutting off,319,279,0.917,0.896,-0.022
اخر,a-kh-r,Postpone,250,242,0.927,0.905,-0.022
ذوق,dh-w-q,,63,61,0.915,0.894,-0.021
موه,m-w-h,,63,60,0.833,0.812,-0.021
طلع,T-l-3,He produced,19,18,1.01,0.994,-0.016
منع,m-n-3,Prevented,17,17,0.92,0.905,-0.015
حجر,h-j-r,Stone,21,18,0.934,0.919,-0.015
غلظ,gh-l-z,Thick,13,13,0.499,0.485,-0.014
فلح,f-l-h,Prospered,40,40,0.735,0.723,-0.012
طمن,T-m-n,Reassured,13,12,0.6,0.592,-0.008
عرف,3-r-f,known,70,62,0.97,0.963,-0.006
جحد,j-h-d,,12,12,1.019,1.024,0.005
قلل,q-l-l,Few,76,74,0.784,0.79,0.005
سخر,s-kh-r,Herb,42,35,0.819,0.824,0.006
سمع,s-m-3,Hearing,185,163,0.851,0.857,0.006
ثقل,th-q-l,Drought,28,26,1.004,1.01,0.006
سحر,s-h-r,Suhur,63,59,0.771,0.777,0.006
اول,a-w-l,First,170,158,0.868,0.878,0.01
وصف,w-s-f,Attained,14,14,0.57,0.58,0.01
شعر,sh-3-r,Competed,40,40,0.82,0.831,0.012
سرع,s-r-3,Quick,23,23,0.757,0.769,0.012
الو,a-l-w,,37,37,0.298,0.312,0.014
فعل,f-3-l,Action,108,102,0.934,0.949,0.015
طوع,T-w-3,Obeyed,129,118,0.921,0.939,0.017
فصل,f-s-l,Separated,43,42,1.008,1.026,0.018
ركب,r-k-b,Riders,15,15,0.956,0.974,0.018
خرج,kh-r-j,He emerged,182,157,0.893,0.914,0.021
صور,s-w-r,Tested man,19,17,0.638,0.66,0.022
فتي,f-t-a,Youth,21,19,0.922,0.946,0.023
موت,m-w-t,Death,165,143,0.817,0.841,0.024
ودد,w-d-d,,29,28,0.652,0.678,0.026
رجل,r-j-l,Walked,73,66,0.884,0.91,0.026
عشو,3-sh-w,twilight,14,14,0.972,1.0,0.028
عرض,3-r-d,exhibit,79,72,0.98,1.01,0.03
فطر,f-T-r,Cleft,20,19,0.656,0.687,0.031
حلم,h-l-m,Forbearing,21,20,1.124,1.156,0.031
تلو,t-l-w,To follow,63,61,0.802,0.833,0.031
بغت,b-gh-t,Suddenly,13,13,0.873,0.906,0.033
يوم,y-w-m,Day,405,377,0.943,0.977,0.034
كرم,k-r-m,Generous,47,46,1.083,1.118,0.035
قرب,q-r-b,Near,96,91,0.809,0.846,0.037
قسط,q-s-T,Deviate,25,22,0.766,0.805,0.039
جرم,j-r-m,,66,65,0.953,0.994,0.041
حسب,h-s-b,Sufficiency,109,102,0.835,0.882,0.047
عقب,3-q-b,Followed him,80,74,1.063,1.111,0.048
اثم,a-th-m,Sinned,48,42,0.804,0.852,0.048
لقي,l-q-a,Encounter,146,135,0.901,0.951,0.051
رود,r-w-d,I want,148,120,0.732,0.784,0.052
عهد,3-h-d,Covenant,46,36,0.691,0.744,0.052
خشي,kh-sh-a,to fear,48,40,0.652,0.705,0.053
قري,q-r-a,Village,57,54,0.859,0.913,0.054
نصب,n-s-b,Share,32,29,0.921,0.977,0.056
فوق,f-w-q,Above,43,41,0.927,0.984,0.057
وصي,w-s-a,Executor,32,21,1.018,1.076,0.058
ليس,l-y-s,not,89,85,0.835,0.893,0.058
روح,r-w-h,Wind,57,52,0.736,0.797,0.06
جمع,j-m-3,,129,123,0.848,0.909,0.061
حبط,h-b-T,To be swollen,16,16,0.441,0.502,0.061
ذكر,dh-k-r,Mention,292,264,0.843,0.905,0.062
وهب,w-h-b,giving,25,22,0.816,0.877,0.062
طوف,T-w-f,Faction,41,35,0.76,0.822,0.063
عبد,3-b-d,Slave,275,251,0.897,0.96,0.063
خفف,kh-f-f,Light,17,17,0.472,0.535,0.064
شمس,sh-m-s,to shine,33,32,0.618,0.684,0.066
اكل,a-k-l,He made to eat,109,101,0.831,0.898,0.067
حيي,h-a-a,Life,184,161,0.761,0.829,0.068
سوي,s-w-a,Equal,83,80,0.78,0.847,0.068
اثر,a-th-r,preferred,21,21,0.907,0.977,0.07
وضع,w-d-3,Position,26,24,0.961,1.032,0.071
جزي,j-z-a,,118,109,0.751,0.824,0.072
امر,a-m-r,Commander,248,226,0.795,0.87,0.074
ارض,a-r-d,Land,461,440,0.776,0.851,0.075
سرر,s-r-r,Adventive,44,43,0.717,0.794,0.077
صفو,s-f-w,Clear,17,16,0.867,0.946,0.079
دين,d-y-n,Debt,101,87,0.816,0.895,0.079
مسك,m-s-k,Retained,27,24,0.99,1.07,0.08
جند,j-n-d,,29,27,0.978,1.058,0.08
سمو,s-m-w,sky,381,352,0.577,0.658,0.08
حدد,h-d-d,Iron,25,20,0.814,0.895,0.081
خبر,kh-b-r,Expert,52,52,0.872,0.954,0.082
وجد,w-j-d,Finding,107,99,0.859,0.941,0.082
يدي,,,120,110,0.839,0.922,0.083
قتل,q-t-l,killed,170,122,0.571,0.654,0.083
عدل,3-d-l,Just.,28,24,0.51,0.595,0.085
حزب,h-z-b,Party,20,17,0.83,0.915,0.085
غفل,gh-f-l,Uncultivated,35,35,0.7,0.786,0.086
شفع,sh-f-3,He interceded,31,26,0.72,0.806,0.086
شكر,sh-k-r,Thanksgiving,75,69,0.862,0.948,0.087
جوب,j-w-b,,43,41,0.752,0.84,0.088
سرف,s-r-f,Extravagant,23,21,0.872,0.96,0.088
كون,k-w-n,was,1390,1176,0.874,0.964,0.09
وجه,w-j-h,Face,78,71,0.91,1.002,0.092
قعد,q-3-d,Sat,31,26,0.794,0.888,0.094
غرق,gh-r-q,Coming,23,23,0.826,0.92,0.094
سبح,s-b-h,Swam,92,87,0.608,0.704,0.096
نهي,n-h-a,destination,56,54,0.724,0.82,0.096
شطن,sh-T-n,devil,88,78,0.511,0.608,0.097
كثر,k-th-r,Partial,167,162,0.779,0.877,0.098
غفر,gh-f-r,Forgiveness,234,202,0.418,0.518,0.1
قول,q-w-l,said,1722,1383,0.823,0.923,0.1
بشر,b-sh-r,to uncover,123,119,0.803,0.904,0.1
قلب,q-l-b,Turned,168,155,0.772,0.872,0.1
قدر,q-d-r,Considered,132,121,0.789,0.889,0.101
رشد,r-sh-d,Guidance,19,19,0.598,0.701,0.103
وحد,w-h-d,,68,67,0.788,0.891,0.104
غير,gh-y-r,Other,154,146,0.794,0.903,0.108
ضرب,d-r-b,struck,58,54,0.869,0.978,0.109
بعض,b-3-d,Some,158,87,0.798,0.908,0.109
فاد,f-a-d,Heart,16,15,0.898,1.008,0.109
سبع,s-b-3,seven,28,24,0.855,0.97,0.115
اتي,a-t-a,Came,549,486,0.804,0.92,0.117
عفو,3-f-w,Forgave,35,31,0.659,0.776,0.117
سال,s-a-l,Query,129,118,0.981,1.099,0.117
جيا,j-y-a,,278,262,0.801,0.918,0.118
صلو,s-l-w,Behaved haughtily,99,90,0.551,0.671,0.12
مول,m-w-l,wealth,86,80,0.77,0.891,0.121
كبر,k-b-r,Dose,161,153,0.805,0.927,0.122
غوي,gh-w-a,To be led astray.,22,18,0.829,0.953,0.123
شدد,sh-d-d,Severe,102,99,0.758,0.882,0.125
حلل,h-l-l,Laxness,51,43,0.635,0.761,0.125
ولد,w-l-d,,102,80,0.773,0.9,0.126
بغي,b-gh-a,oppression,96,90,0.816,0.942,0.127
حزن,h-z-n,to grieve,42,42,0.623,0.751,0.128
دبب,d-b-b,creature,18,18,0.5,0.628,0.128
شكك,sh-k-k,Doubt,15,15,0.817,0.947,0.129
مرض,m-r-d,Sick,24,23,0.7,0.829,0.13
غلل,gh-l-l,Shackle,16,13,0.683,0.814,0.131
كنن,k-n-n,,12,12,0.767,0.899,0.131
سجن,s-j-n,Prison,12,12,0.64,0.772,0.132
عذب,3-dh-b,Punishment,373,336,0.603,0.736,0.133
ايي,a-a-a,,382,353,0.773,0.906,0.133
زكو,z-k-w,Intelligent,59,56,0.559,0.692,0.133
حكم,h-k-m,Wise,210,189,0.724,0.858,0.134
دخل,d-kh-l,entered,126,111,0.637,0.771,0.135
حضر,h-d-r,Presence,25,25,0.842,0.979,0.137
حبب,h-b-b,Loved,95,85,0.582,0.722,0.14
جعل,j-3-l,,346,311,0.827,0.97,0.143
ليل,l-y-l,night,92,81,0.784,0.931,0.147
وعد,w-3-d,,151,130,0.941,1.09,0.149
نصر,n-s-r,Victory,158,137,0.716,0.866,0.15
صبر,s-b-r,Patience,103,93,0.668,0.819,0.152
نفر,n-f-r,Fled,18,16,0.568,0.721,0.153
خوف,kh-w-f,feared,124,112,0.636,0.79,0.154
شري,sh-r-a,Bought,25,23,0.403,0.559,0.156
غلم,gh-l-m,To lust,13,13,0.38,0.536,0.157
لهو,l-h-w,Diversion,16,15,0.553,0.71,0.157
نور,n-w-r,Fire,194,174,0.593,0.75,0.158
نفس,n-f-s,Esteemed,298,270,0.727,0.885,0.158
علم,3-l-m,Knowledge,854,728,0.708,0.867,0.158
سور,s-w-r,leap,17,16,0.437,0.597,0.159
بلو,b-l-w,Blundered,38,35,0.805,0.966,0.161
مرا,m-r-ʾ,,38,37,0.652,0.814,0.162
قرن,q-r-n,Competitor,36,34,0.731,0.893,0.162
نزل,n-z-l,Rations,293,257,0.712,0.874,0.162
علن,3-l-n,Openness,16,16,0.472,0.636,0.165
فحش,f-h-sh,Excessive,24,23,0.743,0.909,0.166
ثني,th-n-a,Pine-tree,29,24,0.699,0.866,0.167
زوج,z-w-j,Pair,81,72,0.814,0.983,0.169
فتح,f-t-h,Opened,38,33,0.777,0.949,0.172
احد,a-h-d,One,85,82,0.692,0.866,0.174
عمر,3-m-r,lived,24,19,0.808,0.982,0.174
فرض,f-r-d,Imposed,18,14,0.554,0.73,0.176
فرق,f-r-q,group,72,66,0.697,0.874,0.177
هدي,h-d-a,Guidance,316,268,0.679,0.856,0.177
متع,m-t-3,Delight,70,65,0.758,0.938,0.18
شرك,sh-r-k,Polytheist,168,143,0.675,0.855,0.18
خزي,kh-z-a,Disgraced,26,24,0.691,0.872,0.181
كسب,k-s-b,bad dates,67,60,0.776,0.96,0.184
خلد,kh-l-d,Abode,87,86,0.721,0.905,0.184
صرط,s-r-T,,45,45,0.556,0.741,0.185
الم,a-l-m,Painful,75,73,0.475,0.661,0.186
صيح,s-y-h,Sack,13,13,0.455,0.642,0.187
شجر,sh-j-r,Tree,27,26,0.862,1.05,0.188
نجو,n-j-w,free,84,75,0.65,0.838,0.188
راي,r-a-a,Facing,328,297,0.792,0.98,0.188
رسل,r-s-l,Messenger,513,429,0.727,0.915,0.188
مكن,m-k-n,,18,16,0.686,0.876,0.189
ظهر,z-h-r,appeared,59,57,0.73,0.919,0.19
ملك,m-l-k,Ownership,206,191,0.663,0.854,0.191
جهل,j-h-l,,24,24,0.754,0.946,0.192
رضو,r-d-w,Pleased,73,64,0.71,0.902,0.192
عود,3-w-d,'ʿĀd',63,58,0.855,1.048,0.193
خير,kh-y-r,Good,196,178,0.69,0.888,0.198
زيد,z-y-d,increased,61,59,0.742,0.94,0.198
كفي,k-f-a,Sufficed,33,32,0.686,0.884,0.198
ظلل,z-l-l,Remained,33,31,0.776,0.977,0.201
اوب,a-w-b,Repenter,17,17,0.539,0.742,0.203
برر,b-r-r,Pious,32,30,0.775,0.98,0.205
امن,a-m-n,to be secure,879,723,0.615,0.821,0.206
خرر,kh-r-r,Gurgled,12,12,0.505,0.711,0.206
دنو,d-n-w,World,133,128,0.586,0.797,0.21
قوم,q-w-m,people,660,597,0.8,1.011,0.212
نبا,n-b-a,news,160,151,0.741,0.954,0.213
ثمر,th-m-r,Fragment,24,22,0.77,0.984,0.214
خلص,kh-l-s,Refuge,31,30,0.62,0.834,0.214
شيا,sh-y-a,Thing,519,449,0.677,0.894,0.217
قضي,q-d-a,finished,63,59,0.744,0.961,0.217
جهد,j-h-d,,41,36,0.409,0.627,0.218
فتن,f-t-n,He burned it,60,58,0.648,0.867,0.22
قصص,q-s-s,Cutting,30,25,0.553,0.773,0.22
بلغ,b-l-gh,Attainment,77,73,0.73,0.95,0.22
عدد,3-d-d,He counted,57,50,0.746,0.97,0.224
دبر,d-b-r,Back,44,44,0.553,0.777,0.224
قبل,q-b-l,Accepted,294,282,0.704,0.929,0.224
عزز,3-z-z,Mighty,119,116,0.492,0.717,0.224
حسن,h-s-n,Best,194,177,0.677,0.904,0.227
وفي,w-f-a,Fulfill or Keeper,66,64,0.703,0.931,0.228
فرح,f-r-h,Rejoiced,22,21,0.53,0.76,0.23
حرم,h-r-m,Prohibited,83,71,0.558,0.789,0.231
عقل,3-q-l,Rendered,49,49,0.667,0.901,0.234
اوي,a-w-a,refuge,36,36,0.731,0.966,0.235
خلو,kh-l-w,Except,28,28,0.784,1.02,0.236
نفق,n-f-q,Expended,111,86,0.408,0.644,0.237
عند,3-n-d,at,201,189,0.689,0.926,0.237
باس,b-a-s,Wretchedness,73,70,0.685,0.922,0.237
اذن,a-dh-n,Ear,102,90,0.665,0.903,0.238
جبي,j-b-a,,12,12,0.581,0.82,0.239
قوي,q-w-a,Strong,42,39,0.59,0.83,0.24
رقب,r-q-b,He watched,24,20,0.662,0.903,0.24
دعو,d-3-w,Supplication,212,182,0.665,0.906,0.241
اخذ,a-kh-dh,took,273,244,0.635,0.876,0.241
قطع,q-T-3,Colic,36,36,0.569,0.811,0.241
نشر,n-sh-r,Published,21,20,0.6,0.844,0.244
صرف,s-r-f,Accidents,30,29,0.577,0.821,0.244
بدل,b-d-l,Substituted,44,40,0.547,0.792,0.245
سجد,s-j-d,Sajdah,92,81,0.673,0.921,0.248
كلل,k-l-l,Dim,377,355,0.622,0.87,0.248
نعم,n-3-m,Bliss,140,128,0.814,1.063,0.249
حصن,h-s-n,Fortified,18,12,0.538,0.787,0.249
نطف,n-T-f,Sperm,12,12,0.766,1.015,0.249
ابي,a-b-a,refused,13,12,0.607,0.856,0.249
مثل,m-th-l,Example,169,148,0.669,0.919,0.25
مدد,m-d-d,Extent,32,29,0.593,0.843,0.251
بعد,b-3-d,"""became distant""",235,223,0.727,0.98,0.253
سبل,s-b-l,Way,176,164,0.481,0.736,0.255
توب,t-w-b,Repented,87,69,0.431,0.687,0.256
نفخ,n-f-kh,blew,20,18,0.675,0.932,0.256
جهر,j-h-r,,16,15,0.523,0.78,0.256
سكن,s-k-n,Poor,69,66,0.797,1.054,0.257
كتم,k-t-m,Concealed,21,20,0.479,0.737,0.258
طين,T-y-n,To cover,12,12,0.703,0.961,0.259
نزع,n-z-3,Baldness,20,20,0.653,0.912,0.259
شقق,sh-q-q,Split,28,25,0.612,0.873,0.261
حقق,h-q-q,حق,287,263,0.575,0.836,0.262
عدو,3-d-w,openly,106,92,0.747,1.01,0.263
سوق,s-w-q,Clouds,17,16,0.677,0.94,0.263
جري,j-r-a,,64,64,0.908,1.175,0.267
قدم,q-d-m,Foot,48,48,0.753,1.02,0.267
بين,b-y-n,Clear,523,454,0.687,0.958,0.271
اذي,a-dh-a,Harmed,24,22,0.424,0.696,0.272
هود,h-w-d,Moved,21,21,0.494,0.766,0.272
حمد,h-m-d,praised,63,61,0.457,0.73,0.273
ذلل,dh-l-l,Humiliation,24,23,0.527,0.803,0.276
تبع,t-b-3,Followed,172,156,0.573,0.85,0.277
زعم,z-3-m,He asserted,17,16,0.516,0.799,0.283
عمل,3-m-l,Worked,360,313,0.648,0.931,0.283
حلف,h-l-f,Swore,13,12,0.524,0.807,0.284
برك,b-r-k,Blessed,32,32,0.612,0.897,0.284
دون,d-w-n,Inferior,144,142,0.487,0.772,0.285
بكر,b-k-r,Pulley,12,12,0.591,0.879,0.288
امم,a-m-m,Community,119,108,0.631,0.92,0.289
كفر,k-f-r,Rose-water,525,465,0.556,0.845,0.289
وقي,w-q-a,To guard,258,237,0.599,0.89,0.292
فضل,f-d-l,excelled,104,92,0.575,0.867,0.292
ربص,r-b-s,Awaited,17,12,0.546,0.841,0.295
فري,f-r-a,Forged,60,54,0.546,0.84,0.295
هلك,h-l-k,Destruction,68,63,0.542,0.838,0.296
دور,d-w-r,to turn,55,53,0.519,0.816,0.297
سعي,s-3-a,Strived,30,28,0.624,0.922,0.299
لدن,l-d-n,Supple,18,17,0.48,0.779,0.299
مشي,m-sh-a,Strolled,23,20,0.558,0.857,0.299
ضلل,d-l-l,Delusion,191,170,0.578,0.878,0.299
ثوب,th-w-b,Scorpion,28,23,0.505,0.804,0.299
عظم,3-z-m,Great,128,127,0.741,1.043,0.302
ولي,w-l-a,Turned away,232,202,0.542,0.845,0.303
عوذ,3-w-dh,I seek refuge.,17,17,0.602,0.907,0.306
ثبت,th-b-t,Well,18,17,0.501,0.807,0.306
صوب,s-w-b,provide,77,56,0.462,0.772,0.309
شرر,sh-r-r,evil,31,30,0.644,0.954,0.31
فكر,f-k-r,thought,18,18,0.467,0.779,0.312
ثمن,th-m-n,Yearling,19,19,0.447,0.759,0.312
ضرر,d-r-r,Harm,74,70,0.487,0.8,0.313
لعن,l-3-n,Curse,41,36,0.464,0.777,0.313
كشف,k-sh-f,Disclosed,20,20,0.538,0.852,0.315
بوب,b-w-b,Door,27,24,0.548,0.864,0.316
زين,z-y-n,Adorned,46,43,0.648,0.966,0.317
تحت,t-h-t,Under,51,50,0.529,0.846,0.318
وكل,w-k-l,Agent,70,61,0.505,0.822,0.318
عصي,3-s-a,stubborn,32,32,0.686,1.004,0.319
ظلم,z-l-m,Oppressed,315,290,0.59,0.91,0.32
ذرر,dh-r-r,Progeny,38,36,0.612,0.934,0.322
رهب,r-h-b,Monasticism,12,12,0.522,0.844,0.323
صير,s-y-r,I prepared it for him,29,29,0.5,0.824,0.323
اجر,a-j-r,wage,108,99,0.379,0.703,0.324
سعر,s-3-r,Blaze,19,19,0.795,1.12,0.325
كره,k-r-h,Abominable,41,35,0.536,0.862,0.327
جنن,j-n-n,,201,196,0.585,0.912,0.327
ردد,r-d-d,Response,59,57,0.532,0.859,0.327
كلم,k-l-m,word,75,71,0.612,0.942,0.329
بدو,b-d-w,Appeared,31,29,0.48,0.81,0.331
وعظ,w-3-z,,25,24,0.543,0.877,0.334
بطل,b-T-l,became false,36,34,0.569,0.905,0.336
رحم,r-h-m,Mercy,339,313,0.527,0.863,0.337
طهر,T-h-r,Pure,31,26,0.645,0.982,0.337
نوس,n-w-s,to and fro,241,225,0.533,0.871,0.338
غرب,gh-r-b,To embrace,19,17,0.599,0.94,0.341
عسي,3-s-a,to hope,30,28,0.509,0.85,0.341
سلط,s-l-T,Sultanate,39,39,0.629,0.97,0.342
كود,k-w-d,,24,24,0.559,0.902,0.343
سوا,s-w-a,evil,167,151,0.571,0.917,0.346
بسط,b-s-T,Simplified,25,23,0.487,0.833,0.346
مرر,m-r-r,time,35,32,0.628,0.979,0.35
راف,r-a-f,Pity,13,13,0.504,0.855,0.351
صلح,s-l-h,Hoary,180,170,0.604,0.955,0.351
اله,a-l-h,God,2851,1879,0.5,0.854,0.354
ربب,r-b-b,Repair,980,871,0.586,0.94,0.354
جدل,j-d-l,,29,27,0.521,0.881,0.359
بدا,b-d-a,Beginning,15,14,0.547,0.907,0.36
لبس,l-b-s,to confuse,23,20,0.61,0.971,0.361
فوه,f-w-h,Wide-mouthed,13,13,0.517,0.878,0.361
نقم,n-q-m,Vengeance,17,16,0.536,0.897,0.361
فقر,f-q-r,Poor,14,14,0.468,0.836,0.367
جنح,j-n-h,,34,32,0.544,0.913,0.369
تمم,t-m-m,Complete,22,20,0.406,0.779,0.374
نكح,n-k-h,married,23,19,0.258,0.633,0.375
رجم,r-j-m,Stoned,14,14,0.592,0.968,0.376
خلف,kh-l-f,Succeed,127,116,0.63,1.008,0.378
ربو,r-b-w,Usury,20,15,0.582,0.961,0.379
اجل,a-j-l,Delay,56,48,0.535,0.914,0.38
نجم,n-j-m,Star,13,13,0.565,0.948,0.383
فسق,f-s-q,Transgressor,54,54,0.496,0.882,0.386
نسو,n-s-w,,59,53,0.335,0.728,0.393
حجج,h-j-j,Pilgrim,33,26,0.472,0.866,0.394
لحم,l-h-m,Woof,12,12,0.451,0.847,0.396
هزا,h-z-a,,34,32,0.438,0.834,0.396
صدد,s-d-d,Hundred,42,41,0.43,0.827,0.397
راس,r-a-s,Head,18,17,0.581,0.979,0.398
هون,h-w-n,Easy,26,26,0.438,0.836,0.399
رزق,r-z-q,Sustenance,123,109,0.492,0.894,0.402
ملل,m-l-l,He put it,18,16,0.56,0.966,0.406
حذر,h-dh-r,Cautious,21,19,0.444,0.857,0.413
ضعف,d-3-f,weakened,52,45,0.459,0.872,0.413
غضب,gh-d-b,Anger,24,21,0.368,0.786,0.417
طيب,T-y-b,Goodness,50,46,0.447,0.869,0.422
ظنن,z-n-n,thought,69,57,0.592,1.014,0.423
وسع,w-s-3,Widened,32,29,0.473,0.897,0.425
حيث,h-y-th,where,31,29,0.478,0.903,0.425
كذب,k-dh-b,Decisive,282,257,0.667,1.092,0.425
نوب,n-w-b,Repentant,18,18,0.593,1.019,0.426
كفف,k-f-f,Hand,15,14,0.383,0.81,0.427
غرر,gh-r-r,Prostration,27,21,0.461,0.891,0.431
بوا,b-w-a,letter B,17,16,0.43,0.867,0.437
خزن,kh-z-n,,13,13,0.565,1.01,0.445
حنف,h-n-f,Inclining,12,12,0.364,0.811,0.446
قنت,q-n-t,Devout,13,12,0.567,1.016,0.449
ذنب,dh-n-b,Sting,39,37,0.508,0.96,0.452
خلل,kh-l-l,Gap,13,13,0.559,1.016,0.457
طمع,T-m-3,Enticed,12,12,0.551,1.013,0.463
ريب,r-y-b,Doubt,36,35,0.561,1.041,0.479
سنن,s-n-n,Bit him,21,15,0.501,0.989,0.488
مسس,m-s-s,Touch,61,57,0.579,1.074,0.495
مني,m-n-a,Mina,21,18,0.613,1.111,0.497
برا,b-r-a,Innocent,31,28,0.513,1.015,0.502
فوز,f-w-z,Victory,29,27,0.373,0.876,0.502
جنب,j-n-b,,33,31,0.598,1.112,0.514
شهر,sh-h-r,Publicly disgrace,21,17,0.368,0.914,0.546
درج,d-r-j,Degree,20,20,0.521,1.079,0.558
عصم,3-s-m,Clung,13,12,0.302,0.871,0.568
عجز,3-j-z,Incapacitating,26,25,0.489,1.068,0.579
ربع,r-b-3,Four,22,21,0.496,1.097,0.6
ابد,a-b-d,,28,28,0.465,1.087,0.621
نهر,n-h-r,Day,113,102,0.553,1.176,0.623
ثوي,th-w-a,Wounded him,14,14,0.353,0.994,0.641
عتد,3-t-d,Ready,16,16,0.497,1.156,0.659
