root,translit,top_gloss,occurrences,n_ayahs,mean_pairwise,localization,hull_area,density,dist_from_global,n_clusters,spread_frac,dom_kmeans,dom_k_frac
اله,a-l-h,God,2851,1879,3.003,0.5,80.51,23.339,3.506,1,0.002,4,0.429
قول,q-w-l,said,1722,1383,4.939,0.823,73.07,18.928,1.616,2,0.052,4,0.331
كون,k-w-n,was,1390,1176,5.249,0.874,77.71,15.133,1.584,2,0.063,4,0.34
ربب,r-b-b,Repair,980,871,3.519,0.586,48.25,18.053,2.894,1,0.036,6,0.313
علم,3-l-m,Knowledge,854,728,4.252,0.708,78.91,9.225,2.426,1,0.029,4,0.368
امن,a-m-n,to be secure,879,723,3.693,0.615,67.09,10.776,3.042,1,0.022,4,0.444
قوم,q-w-m,people,660,597,4.8,0.8,75.8,7.876,2.263,1,0.045,4,0.405
اتي,a-t-a,Came,549,486,4.824,0.804,69.0,7.044,2.406,1,0.047,4,0.461
كفر,k-f-r,Rose-water,525,465,3.335,0.556,68.6,6.779,3.037,1,0.017,4,0.411
بين,b-y-n,Clear,523,454,4.126,0.687,62.73,7.238,2.854,1,0.02,4,0.46
شيا,sh-y-a,Thing,519,449,4.062,0.677,67.09,6.692,3.019,1,0.024,4,0.457
ارض,a-r-d,Land,461,440,4.659,0.776,72.49,6.069,2.405,1,0.039,4,0.384
رسل,r-s-l,Messenger,513,429,4.361,0.727,74.44,5.763,2.379,1,0.03,4,0.415
يوم,y-w-m,Day,405,377,5.662,0.943,71.66,5.261,1.296,2,0.077,4,0.342
كلل,k-l-l,Dim,377,355,3.732,0.622,66.47,5.341,2.863,1,0.003,4,0.408
ايي,a-a-a,,382,353,4.64,0.773,66.97,5.271,2.021,1,0.042,4,0.348
سمو,s-m-w,sky,381,352,3.466,0.577,31.88,11.04,3.07,2,0.381,4,0.369
عذب,3-dh-b,Punishment,373,336,3.619,0.603,73.65,4.562,2.631,1,0.054,4,0.354
رحم,r-h-m,Mercy,339,313,3.162,0.527,28.21,11.094,3.004,1,0.0,6,0.367
عمل,3-m-l,Worked,360,313,3.889,0.648,61.54,5.087,2.799,1,0.032,4,0.387
جعل,j-3-l,,346,311,4.965,0.827,72.18,4.309,2.041,1,0.042,4,0.379
راي,r-a-a,Facing,328,297,4.752,0.792,82.94,3.581,2.218,1,0.044,4,0.404
ظلم,z-l-m,Oppressed,315,290,3.54,0.59,66.4,4.367,2.937,1,0.017,4,0.4
قبل,q-b-l,Accepted,294,282,4.229,0.704,64.57,4.368,2.67,1,0.028,4,0.45
كتب,k-t-b,Cutting off,319,279,5.507,0.917,66.29,4.209,2.048,2,0.086,4,0.487
نفس,n-f-s,Esteemed,298,270,4.364,0.727,68.13,3.963,3.13,1,0.037,4,0.53
هدي,h-d-a,Guidance,316,268,4.077,0.679,65.45,4.094,2.587,1,0.026,4,0.392
ذكر,dh-k-r,Mention,292,264,5.061,0.843,66.43,3.974,1.48,2,0.053,4,0.322
حقق,h-q-q,حق,287,263,3.451,0.575,32.46,8.101,2.933,1,0.008,4,0.399
جيا,j-y-a,,278,262,4.806,0.801,65.82,3.981,2.296,1,0.046,4,0.427
نزل,n-z-l,Rations,293,257,4.272,0.712,61.23,4.197,2.527,1,0.023,4,0.432
كذب,k-dh-b,Decisive,282,257,4.005,0.667,83.35,3.083,3.404,2,0.152,0,0.276
عبد,3-b-d,Slave,275,251,5.384,0.897,79.07,3.175,1.132,2,0.068,4,0.291
اخذ,a-kh-dh,took,273,244,3.813,0.635,62.84,3.883,2.768,2,0.447,4,0.41
اخر,a-kh-r,Postpone,250,242,5.563,0.927,66.93,3.616,1.837,2,0.07,4,0.405
وقي,w-q-a,To guard,258,237,3.594,0.599,67.8,3.496,2.72,1,0.046,4,0.367
امر,a-m-r,Commander,248,226,4.775,0.795,65.87,3.431,2.412,2,0.491,4,0.447
نوس,n-w-s,to and fro,241,225,3.202,0.533,28.55,7.881,3.461,2,0.493,4,0.498
بعد,b-3-d,"""became distant""",235,223,4.366,0.727,75.97,2.935,2.956,1,0.036,4,0.466
خلق,kh-l-q,Creation,261,218,6.337,1.056,67.72,3.219,0.753,3,0.399,4,0.298
غفر,gh-f-r,Forgiveness,234,202,2.51,0.418,52.2,3.87,3.913,1,0.02,6,0.406
ولي,w-l-a,Turned away,232,202,3.255,0.542,61.86,3.266,3.086,1,0.005,4,0.406
جنن,j-n-n,,201,196,3.515,0.585,57.4,3.415,2.437,1,0.005,4,0.347
ملك,m-l-k,Ownership,206,191,3.98,0.663,62.18,3.072,2.917,1,0.016,4,0.419
حكم,h-k-m,Wise,210,189,4.345,0.724,62.28,3.035,2.57,1,0.037,4,0.392
عند,3-n-d,at,201,189,4.139,0.689,63.56,2.973,2.81,1,0.026,4,0.46
دعو,d-3-w,Supplication,212,182,3.994,0.665,64.63,2.816,2.306,1,0.027,6,0.352
خير,kh-y-r,Good,196,178,4.143,0.69,55.91,3.184,2.779,1,0.028,4,0.433
حسن,h-s-n,Best,194,177,4.062,0.677,74.92,2.363,3.019,1,0.062,4,0.441
نور,n-w-r,Fire,194,174,3.558,0.593,63.79,2.728,2.92,1,0.029,4,0.391
صلح,s-l-h,Hoary,180,170,3.624,0.604,59.8,2.843,3.001,1,0.029,4,0.382
ضلل,d-l-l,Delusion,191,170,3.472,0.578,62.54,2.718,2.689,2,0.353,4,0.335
سبل,s-b-l,Way,176,164,2.885,0.481,25.87,6.34,3.846,1,0.0,4,0.5
سمع,s-m-3,Hearing,185,163,5.107,0.851,69.41,2.348,1.323,3,0.356,6,0.356
كثر,k-th-r,Partial,167,162,4.675,0.779,66.08,2.452,2.443,1,0.043,4,0.457
حيي,h-a-a,Life,184,161,4.569,0.761,64.86,2.482,2.617,1,0.037,4,0.41
اول,a-w-l,First,170,158,5.211,0.868,68.95,2.292,1.659,2,0.051,4,0.373
خرج,kh-r-j,He emerged,182,157,5.361,0.893,62.55,2.51,2.288,3,0.497,4,0.503
تبع,t-b-3,Followed,172,156,3.441,0.573,51.16,3.049,3.036,1,0.006,4,0.442
قلب,q-l-b,Turned,168,155,4.632,0.772,60.87,2.546,2.796,2,0.052,4,0.484
كبر,k-b-r,Dose,161,153,4.831,0.805,63.43,2.412,2.155,1,0.046,4,0.366
نبا,n-b-a,news,160,151,4.447,0.741,59.43,2.541,2.954,2,0.457,4,0.53
سوا,s-w-a,evil,167,151,3.43,0.571,61.05,2.473,3.227,1,0.033,4,0.437
بني,b-n-a,built,183,150,6.305,1.05,64.32,2.332,2.151,2,0.093,4,0.527
مثل,m-th-l,Example,169,148,4.016,0.669,64.92,2.28,3.176,1,0.034,4,0.507
غير,gh-y-r,Other,154,146,4.768,0.794,62.29,2.344,3.194,2,0.062,4,0.603
صدق,s-d-q,truthful,155,144,6.187,1.031,65.84,2.187,1.269,2,0.09,4,0.382
موت,m-w-t,Death,165,143,4.906,0.817,62.46,2.29,1.953,2,0.399,4,0.357
شرك,sh-r-k,Polytheist,168,143,4.052,0.675,61.61,2.321,3.044,2,0.503,4,0.49
دون,d-w-n,Inferior,144,142,2.923,0.487,25.42,5.587,3.1,1,0.007,6,0.387
بصر,b-s-r,Seeing,148,139,7.065,1.177,63.17,2.2,0.255,2,0.137,4,0.309
نصر,n-s-r,Victory,158,137,4.296,0.716,67.22,2.038,2.346,1,0.036,4,0.358
لقي,l-q-a,Encounter,146,135,5.407,0.901,62.09,2.174,1.327,2,0.067,4,0.326
وعد,w-3-d,,151,130,5.651,0.941,66.57,1.953,1.196,2,0.085,4,0.331
دنو,d-n-w,World,133,128,3.519,0.586,53.0,2.415,3.605,1,0.047,4,0.516
نعم,n-3-m,Bliss,140,128,4.887,0.814,67.44,1.898,2.096,1,0.047,4,0.406
عظم,3-z-m,Great,128,127,4.447,0.741,59.48,2.135,2.21,1,0.039,4,0.362
سلم,s-l-m,Safe,140,127,6.784,1.13,58.98,2.153,0.757,2,0.118,4,0.354
شهد,sh-h-d,Witnessed,160,123,4.96,0.826,61.76,1.992,2.269,2,0.512,4,0.439
جمع,j-m-3,,129,123,5.092,0.848,59.19,2.078,1.517,2,0.398,4,0.333
قتل,q-t-l,killed,170,122,3.43,0.571,47.05,2.593,4.033,2,0.361,4,0.639
قدر,q-d-r,Considered,132,121,4.734,0.789,69.4,1.743,2.119,3,0.545,4,0.331
رود,r-w-d,I want,148,120,4.395,0.732,55.32,2.169,2.84,1,0.033,4,0.467
اهل,a-h-l,Inhabited,127,120,5.787,0.964,62.72,1.913,2.118,2,0.092,4,0.508
بشر,b-sh-r,to uncover,123,119,4.822,0.803,61.26,1.942,1.954,1,0.042,4,0.387
طوع,T-w-3,Obeyed,129,118,5.532,0.921,84.24,1.401,1.604,3,0.169,4,0.347
سال,s-a-l,Query,129,118,5.891,0.981,65.64,1.798,0.737,3,0.347,4,0.254
خلف,kh-l-f,Succeed,127,116,3.783,0.63,63.12,1.838,3.53,2,0.466,4,0.526
عزز,3-z-z,Mighty,119,116,2.956,0.492,25.53,4.544,2.518,2,0.233,6,0.388
نذر,n-dh-r,Warner,130,115,6.483,1.08,69.36,1.658,0.73,4,0.643,4,0.217
نظر,n-z-r,to theorize,129,115,6.738,1.122,68.07,1.689,0.786,4,0.496,4,0.313
خوف,kh-w-f,feared,124,112,3.816,0.636,54.84,2.042,2.902,1,0.027,4,0.429
دخل,d-kh-l,entered,126,111,3.821,0.637,48.79,2.275,3.107,1,0.063,4,0.477
يدي,,,120,110,5.039,0.839,61.91,1.777,2.585,2,0.455,4,0.527
رزق,r-z-q,Sustenance,123,109,2.951,0.492,27.18,4.011,3.672,1,0.009,4,0.468
جزي,j-z-a,,118,109,4.51,0.751,61.91,1.761,1.871,1,0.055,6,0.312
امم,a-m-m,Community,119,108,3.79,0.631,53.93,2.003,3.33,2,0.463,4,0.528
ابو,a-b-w,Father,117,104,6.679,1.113,59.37,1.752,1.22,3,0.558,4,0.442
رجع,r-j-3,Returned,104,103,5.01,0.834,63.63,1.619,1.618,2,0.398,4,0.301
حسب,h-s-b,Sufficiency,109,102,5.012,0.835,62.29,1.638,1.807,2,0.059,4,0.373
فعل,f-3-l,Action,108,102,5.606,0.934,59.86,1.704,1.625,2,0.069,4,0.392
نهر,n-h-r,Day,113,102,3.322,0.553,54.24,1.881,3.418,1,0.069,4,0.5
اكل,a-k-l,He made to eat,109,101,4.989,0.831,56.55,1.786,2.342,1,0.05,4,0.475
شدد,sh-d-d,Severe,102,99,4.548,0.758,66.9,1.48,2.732,2,0.525,4,0.444
اجر,a-j-r,wage,108,99,2.276,0.379,17.31,5.718,3.848,1,0.061,4,0.394
وجد,w-j-d,Finding,107,99,5.156,0.859,50.94,1.944,2.527,3,0.495,4,0.505
صبر,s-b-r,Patience,103,93,4.008,0.668,62.54,1.487,2.095,2,0.323,6,0.333
انس,a-n-s,Familiarize,97,93,7.074,1.178,63.91,1.455,0.518,3,0.398,4,0.237
عدو,3-d-w,openly,106,92,4.483,0.747,58.58,1.571,3.292,2,0.435,4,0.565
فضل,f-d-l,excelled,104,92,3.455,0.575,56.01,1.643,3.647,3,0.489,4,0.533
قرب,q-r-b,Near,96,91,4.859,0.809,54.72,1.663,2.735,2,0.473,4,0.527
صلو,s-l-w,Behaved haughtily,99,90,3.31,0.551,23.39,3.848,3.201,3,0.544,4,0.444
اذن,a-dh-n,Ear,102,90,3.993,0.665,69.78,1.29,3.51,2,0.378,4,0.567
بغي,b-gh-a,oppression,96,90,4.896,0.816,58.75,1.532,3.133,2,0.056,4,0.567
صحب,s-h-b,reddish,97,89,6.978,1.162,67.42,1.32,0.662,2,0.135,4,0.247
سبح,s-b-h,Swam,92,87,3.648,0.608,52.49,1.657,2.247,3,0.379,6,0.379
بعض,b-3-d,Some,158,87,4.793,0.798,53.45,1.628,3.218,3,0.322,4,0.667
دين,d-y-n,Debt,101,87,4.896,0.816,76.67,1.135,2.732,2,0.494,4,0.425
نفق,n-f-q,Expended,111,86,2.447,0.408,14.63,5.88,4.261,1,0.0,4,0.57
خلد,kh-l-d,Abode,87,86,4.33,0.721,54.16,1.588,1.912,3,0.174,4,0.337
حبب,h-b-b,Loved,95,85,3.495,0.582,54.29,1.566,3.311,2,0.518,4,0.447
ليس,l-y-s,not,89,85,5.012,0.835,61.96,1.372,2.971,1,0.059,4,0.506
كيف,k-y-f,,83,83,7.546,1.257,75.98,1.092,0.748,4,0.639,4,0.313
احد,a-h-d,One,85,82,4.154,0.692,52.92,1.549,3.374,3,0.402,4,0.573
ليل,l-y-l,night,92,81,4.709,0.784,61.36,1.32,1.772,2,0.333,6,0.37
سجد,s-j-d,Sajdah,92,81,4.042,0.673,65.92,1.229,2.721,2,0.481,4,0.469
سوي,s-w-a,Equal,83,80,4.681,0.78,59.96,1.334,2.147,2,0.412,4,0.388
ولد,w-l-d,,102,80,4.642,0.773,64.46,1.241,2.918,2,0.512,4,0.463
اخو,a-kh-w,Brother,96,80,6.528,1.087,48.07,1.664,1.537,3,0.562,4,0.425
مول,m-w-l,wealth,86,80,4.625,0.77,51.72,1.547,2.602,1,0.037,4,0.438
قرا,q-r-a,disease,88,79,5.672,0.945,56.68,1.394,0.387,3,0.342,1,0.266
شطن,sh-T-n,devil,88,78,3.067,0.511,20.46,3.812,3.272,3,0.526,4,0.397
نجو,n-j-w,free,84,75,3.902,0.65,51.11,1.467,2.099,2,0.453,1,0.387
قلل,q-l-l,Few,76,74,4.709,0.784,61.76,1.198,2.494,2,0.5,4,0.486
عقب,3-q-b,Followed him,80,74,6.381,1.063,62.38,1.186,1.447,2,0.108,4,0.392
الم,a-l-m,Painful,75,73,2.851,0.475,42.06,1.735,3.474,2,0.507,4,0.452
بلغ,b-l-gh,Attainment,77,73,4.382,0.73,56.32,1.296,2.699,2,0.479,4,0.425
زوج,z-w-j,Pair,81,72,4.885,0.814,54.55,1.32,3.113,2,0.375,4,0.597
غني,gh-n-a,Rich,73,72,5.743,0.957,63.19,1.139,1.626,4,0.583,4,0.389
عرض,3-r-d,exhibit,79,72,5.884,0.98,60.2,1.196,1.442,2,0.083,4,0.347
كلم,k-l-m,word,75,71,3.677,0.612,55.33,1.283,3.292,2,0.493,4,0.521
وجه,w-j-h,Face,78,71,5.466,0.91,56.36,1.26,1.583,3,0.451,4,0.338
حرم,h-r-m,Prohibited,83,71,3.349,0.558,44.81,1.584,4.425,3,0.211,4,0.789
باس,b-a-s,Wretchedness,73,70,4.112,0.685,49.55,1.413,2.562,1,0.029,4,0.4
ضرر,d-r-r,Harm,74,70,2.925,0.487,19.55,3.581,4.058,2,0.429,4,0.557
وحي,w-h-a,Quick,78,70,5.268,0.877,60.08,1.165,1.78,3,0.486,4,0.429
شكر,sh-k-r,Thanksgiving,75,69,5.173,0.862,53.9,1.28,2.209,3,0.449,4,0.391
توب,t-w-b,Repented,87,69,2.588,0.431,13.27,5.199,4.079,2,0.464,4,0.464
علو,3-l-w,Elevated,70,68,5.659,0.943,60.36,1.127,0.801,3,0.368,4,0.265
وحد,w-h-d,,68,67,4.729,0.788,55.81,1.201,2.264,1,0.045,4,0.388
فرق,f-r-q,group,72,66,4.184,0.697,45.52,1.45,2.781,2,0.53,4,0.455
سكن,s-k-n,Poor,69,66,4.784,0.797,61.48,1.073,2.812,2,0.106,4,0.53
رجل,r-j-l,Walked,73,66,5.308,0.884,57.56,1.147,2.914,3,0.364,4,0.591
جرم,j-r-m,,66,65,5.719,0.953,55.17,1.178,0.662,3,0.308,0,0.246
متع,m-t-3,Delight,70,65,4.552,0.758,50.1,1.297,2.745,2,0.477,4,0.477
جري,j-r-a,,64,64,5.453,0.908,49.54,1.292,2.135,3,0.25,4,0.562
وفي,w-f-a,Fulfill or Keeper,66,64,4.222,0.703,51.16,1.251,3.067,1,0.078,4,0.5
بعث,b-3-th,Sending,67,64,6.397,1.066,63.17,1.013,1.026,3,0.484,4,0.359
رضو,r-d-w,Pleased,73,64,4.262,0.71,62.95,1.017,3.3,2,0.406,4,0.578
عين,3-y-n,Eye,65,63,6.168,1.027,49.41,1.275,0.436,3,0.413,4,0.333
هلك,h-l-k,Destruction,68,63,3.256,0.542,22.93,2.748,1.912,2,0.27,1,0.333
يمن,y-m-n,The Right,71,63,6.461,1.076,53.31,1.182,1.691,3,0.476,4,0.508
عرف,3-r-f,known,70,62,5.82,0.97,49.29,1.258,2.669,4,0.387,4,0.613
حمد,h-m-d,praised,63,61,2.741,0.457,19.39,3.147,3.019,2,0.328,6,0.492
ذوق,dh-w-q,,63,61,5.496,0.915,50.0,1.22,1.44,4,0.459,4,0.344
تلو,t-l-w,To follow,63,61,4.814,0.802,53.67,1.137,2.35,2,0.525,4,0.459
وكل,w-k-l,Agent,70,61,3.029,0.505,21.43,2.846,2.967,3,0.443,6,0.361
موه,m-w-h,,63,60,5.003,0.833,56.32,1.065,2.713,3,0.45,4,0.55
خسر,kh-s-r,Lost,65,60,5.575,0.929,56.58,1.061,1.477,2,0.133,4,0.333
كسب,k-s-b,bad dates,67,60,4.659,0.776,60.33,0.995,2.104,3,0.45,4,0.367
غيب,gh-y-b,Absence,60,59,6.668,1.111,58.49,1.009,0.968,2,0.119,4,0.373
زيد,z-y-d,increased,61,59,4.453,0.742,53.56,1.102,2.429,3,0.525,4,0.39
قضي,q-d-a,finished,63,59,4.464,0.744,57.01,1.035,2.849,2,0.492,4,0.475
سحر,s-h-r,Suhur,63,59,4.628,0.771,54.95,1.074,0.527,3,0.254,1,0.254
فتن,f-t-n,He burned it,60,58,3.888,0.648,44.97,1.29,2.863,2,0.448,4,0.414
عود,3-w-d,'ʿĀd',63,58,5.133,0.855,71.99,0.806,1.548,4,0.448,4,0.31
ردد,r-d-d,Response,59,57,3.191,0.532,22.41,2.543,3.582,2,0.509,4,0.474
ظنن,z-n-n,thought,69,57,3.552,0.592,23.83,2.392,3.052,2,0.456,4,0.421
مسس,m-s-s,Touch,61,57,3.474,0.579,25.84,2.206,3.107,3,0.491,4,0.439
ظهر,z-h-r,appeared,59,57,4.38,0.73,61.79,0.922,3.331,2,0.421,4,0.579
ذهب,dh-h-b,Went,56,56,5.752,0.958,59.26,0.945,1.586,4,0.554,4,0.393
صوب,s-w-b,provide,77,56,2.776,0.462,18.27,3.065,4.11,2,0.411,4,0.589
زكو,z-k-w,Intelligent,59,56,3.356,0.559,19.41,2.885,3.407,3,0.482,4,0.5
ضرب,d-r-b,struck,58,54,5.218,0.869,52.54,1.028,2.815,3,0.481,4,0.519
فسق,f-s-q,Transgressor,54,54,2.975,0.496,18.1,2.983,3.969,2,0.407,4,0.574
نهي,n-h-a,destination,56,54,4.344,0.724,57.66,0.937,2.702,2,0.519,4,0.444
قري,q-r-a,Village,57,54,5.155,0.859,55.15,0.979,1.522,3,0.426,4,0.37
بيت,b-y-t,house,73,54,5.8,0.966,50.78,1.064,2.276,2,0.111,4,0.5
فري,f-r-a,Forged,60,54,3.276,0.546,43.61,1.238,2.832,2,0.37,6,0.389
نسو,n-s-w,,59,53,2.011,0.335,13.22,4.008,5.741,3,0.151,4,0.849
دور,d-w-r,to turn,55,53,3.118,0.519,18.6,2.85,3.295,2,0.453,4,0.453
روح,r-w-h,Wind,57,52,4.419,0.736,55.15,0.943,2.662,2,0.538,4,0.442
خبر,kh-b-r,Expert,52,52,5.232,0.872,61.74,0.842,2.375,3,0.558,4,0.442
عدد,3-d-d,He counted,57,50,4.479,0.746,52.21,0.958,2.562,1,0.06,4,0.4
تحت,t-h-t,Under,51,50,3.174,0.529,53.14,0.941,3.539,1,0.1,4,0.64
ندو,,,53,50,8.137,1.355,52.89,0.945,1.084,4,0.68,4,0.3
حمل,h-m-l,Pregnancy,64,50,7.651,1.274,58.19,0.859,1.096,3,0.5,4,0.5
عقل,3-q-l,Rendered,49,49,4.006,0.667,58.88,0.832,2.282,2,0.388,4,0.347
نفع,n-f-3,Benefit,50,49,5.766,0.96,46.22,1.06,1.455,3,0.469,4,0.388
اجل,a-j-l,Delay,56,48,3.21,0.535,26.76,1.793,4.363,2,0.312,4,0.688
قدم,q-d-m,Foot,48,48,4.518,0.753,49.5,0.97,1.482,2,0.312,4,0.292
فسد,f-s-d,Corruption,50,47,5.951,0.991,55.16,0.852,1.773,3,0.553,4,0.404
طيب,T-y-b,Goodness,50,46,2.686,0.447,17.38,2.646,4.237,2,0.065,4,0.609
كرم,k-r-m,Generous,47,46,6.499,1.083,54.02,0.852,0.388,5,0.609,3,0.196
صرط,s-r-T,,45,45,3.34,0.556,23.13,1.945,1.961,3,0.378,6,0.311
ضعف,d-3-f,weakened,52,45,2.754,0.459,17.3,2.601,4.341,2,0.422,4,0.578
عجل,3-j-l,Hasten,47,44,7.145,1.19,53.24,0.827,0.398,3,0.477,4,0.273
دبر,d-b-r,Back,44,44,3.322,0.553,23.73,1.854,1.993,3,0.455,0,0.25
سوع,s-w-3,Hour,49,44,3.355,0.559,26.08,1.687,2.268,2,0.364,4,0.318
وذر,w-dh-r,,45,43,6.477,1.079,56.43,0.762,0.868,3,0.488,0,0.302
حشر,h-sh-r,Gathered,43,43,6.658,1.109,56.37,0.763,0.448,4,0.512,4,0.302
سرر,s-r-r,Adventive,44,43,4.303,0.717,45.84,0.938,1.74,2,0.349,4,0.279
صبح,s-b-h,dawn,45,43,6.871,1.144,58.13,0.74,0.541,5,0.605,4,0.279
حلل,h-l-l,Laxness,51,43,3.814,0.635,44.81,0.96,4.031,3,0.395,4,0.605
زين,z-y-n,Adorned,46,43,3.893,0.648,54.98,0.782,3.765,3,0.349,4,0.628
صدر,s-d-r,Returned,46,43,5.744,0.957,55.67,0.772,1.81,4,0.535,4,0.465
اثم,a-th-m,Sinned,48,42,4.824,0.804,60.88,0.69,2.529,3,0.571,4,0.429
فصل,f-s-l,Separated,43,42,6.052,1.008,59.37,0.707,1.626,4,0.524,4,0.405
حزن,h-z-n,to grieve,42,42,3.741,0.623,42.95,0.978,2.779,2,0.5,4,0.405
حفظ,h-f-z,Preservation,44,42,5.345,0.89,46.95,0.894,1.287,2,0.405,4,0.357
فوق,f-w-q,Above,43,41,5.566,0.927,59.06,0.694,2.485,3,0.439,4,0.537
طعم,T-3-m,Food,48,41,6.629,1.104,53.89,0.761,2.01,3,0.415,4,0.585
جوب,j-w-b,,43,41,4.514,0.752,53.74,0.763,1.719,2,0.366,6,0.366
صدد,s-d-d,Hundred,42,41,2.584,0.43,11.73,3.495,3.432,2,0.415,4,0.39
فلح,f-l-h,Prospered,40,40,4.414,0.735,45.3,0.883,2.027,3,0.45,6,0.5
شعر,sh-3-r,Competed,40,40,4.92,0.82,60.43,0.662,1.416,2,0.4,4,0.3
بدل,b-d-l,Substituted,44,40,3.282,0.547,19.05,2.1,3.069,1,0.025,4,0.4
خشي,kh-sh-a,to fear,48,40,3.914,0.652,48.79,0.82,2.91,3,0.6,4,0.45
بحر,b-h-r,"to cut, to slit",42,40,7.07,1.178,50.74,0.788,1.043,3,0.525,4,0.475
يسر,y-s-r,Facilitated,44,40,6.149,1.024,53.84,0.743,0.482,5,0.65,4,0.25
ملا,m-l-a,filled,40,40,5.911,0.985,48.7,0.821,1.527,3,0.5,4,0.425
طغي,T-gh-a,Overstepped,39,39,5.906,0.984,62.48,0.624,0.343,4,0.641,4,0.282
جبل,j-b-l,,41,39,9.249,1.541,54.86,0.711,1.939,5,0.692,4,0.308
قوي,q-w-a,Strong,42,39,3.542,0.59,24.62,1.584,3.288,3,0.513,4,0.462
سلط,s-l-T,Sultanate,39,39,3.773,0.629,20.12,1.938,3.098,3,0.487,4,0.487
قرر,q-r-r,settlement,38,37,5.71,0.951,61.97,0.597,1.41,3,0.649,4,0.351
ترك,t-r-k,Abandonment,43,37,8.155,1.358,49.66,0.745,0.747,3,0.514,4,0.486
مرا,m-r-ʾ,,38,37,3.914,0.652,18.34,2.017,3.018,2,0.486,4,0.459
نسي,n-s-a,Forgot,45,37,7.258,1.209,47.3,0.782,0.913,3,0.568,4,0.405
هوي,h-w-a,Desire,38,37,4.726,0.787,53.87,0.687,3.11,2,0.378,4,0.595
ذنب,dh-n-b,Sting,39,37,3.051,0.508,24.08,1.537,3.157,3,0.676,4,0.351
الو,a-l-w,,37,37,1.789,0.298,18.04,2.051,8.933,2,0.162,3,0.865
نكر,n-k-r,Denial,37,37,4.887,0.814,53.01,0.698,1.871,2,0.432,4,0.351
اني,a-n-a,"""how""",36,36,5.291,0.881,52.09,0.691,2.075,2,0.556,4,0.417
عهد,3-h-d,Covenant,46,36,4.149,0.691,40.33,0.893,2.804,2,0.528,4,0.472
قطع,q-T-3,Colic,36,36,3.418,0.569,23.84,1.51,3.485,2,0.5,4,0.5
حدث,h-d-th,Hadith,36,36,8.216,1.369,63.86,0.564,0.428,4,0.583,4,0.417
اوي,a-w-a,refuge,36,36,4.389,0.731,39.88,0.903,2.452,2,0.167,4,0.417
لعن,l-3-n,Curse,41,36,2.786,0.464,15.35,2.345,3.415,2,0.5,4,0.444
ذرر,dh-r-r,Progeny,38,36,3.676,0.612,21.24,1.695,3.103,4,0.5,4,0.5
جهد,j-h-d,,41,36,2.457,0.409,11.66,3.086,3.982,2,0.083,6,0.472
طوف,T-w-f,Faction,41,35,4.561,0.76,43.36,0.807,2.743,2,0.514,4,0.486
ريب,r-y-b,Doubt,36,35,3.371,0.561,16.65,2.102,3.569,2,0.457,4,0.514
سبق,s-b-q,preceded,37,35,6.276,1.045,57.55,0.608,0.871,5,0.657,4,0.343
بلو,b-l-w,Blundered,38,35,4.835,0.805,51.44,0.68,2.602,3,0.486,4,0.514
غفل,gh-f-l,Uncultivated,35,35,4.204,0.7,55.07,0.636,2.225,2,0.314,4,0.314
سخر,s-kh-r,Herb,42,35,4.914,0.819,46.79,0.748,2.65,4,0.486,4,0.514
كره,k-r-h,Abominable,41,35,3.215,0.536,22.06,1.587,3.011,3,0.486,4,0.343
شرب,sh-r-b,Drank,39,34,8.678,1.446,55.92,0.608,0.437,3,0.588,4,0.412
بطل,b-T-l,became false,36,34,3.417,0.569,21.26,1.599,2.656,2,0.382,4,0.382
ورث,w-r-th,,35,34,8.142,1.356,51.11,0.665,0.725,5,0.559,4,0.441
قرن,q-r-n,Competitor,36,34,4.386,0.731,32.83,1.035,1.501,2,0.382,1,0.353
فتح,f-t-h,Opened,38,33,4.663,0.777,49.23,0.67,2.672,2,0.455,4,0.545
حين,h-y-n,Time,35,33,6.418,1.069,53.13,0.621,0.473,3,0.515,4,0.303
هزا,h-z-a,,34,32,2.63,0.438,14.05,2.278,2.409,2,0.281,0,0.469
عصي,3-s-a,stubborn,32,32,4.118,0.686,53.49,0.598,2.729,2,0.531,4,0.406
شمس,sh-m-s,to shine,33,32,3.712,0.618,19.43,1.647,2.889,4,0.594,4,0.406
عرش,3-r-sh,to construct,33,32,4.439,0.739,48.68,0.657,2.449,2,0.438,4,0.375
مرر,m-r-r,time,35,32,3.771,0.628,24.16,1.324,3.003,4,0.562,4,0.438
جنح,j-n-h,,34,32,3.268,0.544,36.19,0.884,5.077,2,0.188,4,0.812
كفي,k-f-a,Sufficed,33,32,4.116,0.686,56.12,0.57,1.87,3,0.438,6,0.438
برك,b-r-k,Blessed,32,32,3.674,0.612,22.95,1.394,2.52,3,0.656,4,0.344
ظلل,z-l-l,Remained,33,31,4.661,0.776,51.14,0.606,1.092,4,0.71,4,0.258
وري,w-r-a,,32,31,6.426,1.07,49.16,0.631,1.265,2,0.484,4,0.419
عفو,3-f-w,Forgave,35,31,3.958,0.659,39.59,0.783,3.75,3,0.387,4,0.613
قسم,q-s-m,Divided,33,31,7.817,1.302,46.63,0.665,1.239,3,0.516,4,0.226
خفي,kh-f-a,Concealed,34,31,4.312,0.718,52.07,0.595,2.887,2,0.548,4,0.452
جنب,j-n-b,,33,31,3.591,0.598,18.65,1.663,3.327,1,0.065,4,0.484
عمي,3-m-a,Blind,33,30,6.872,1.145,37.8,0.794,0.592,3,0.433,0,0.333
شرر,sh-r-r,evil,31,30,3.865,0.644,18.08,1.659,1.272,4,0.633,4,0.267
برر,b-r-r,Pious,32,30,4.655,0.775,40.12,0.748,2.37,2,0.567,4,0.467
خلص,kh-l-s,Refuge,31,30,3.722,0.62,21.62,1.388,1.96,4,0.667,4,0.3
مدد,m-d-d,Extent,32,29,3.558,0.593,23.32,1.244,1.508,2,0.276,6,0.276
كيد,k-y-d,To drive mad,35,29,8.885,1.48,57.05,0.508,1.615,3,0.483,4,0.276
وثق,w-th-q,Covenant,34,29,3.729,0.621,29.86,0.971,3.961,3,0.276,4,0.724
بدو,b-d-w,Appeared,31,29,2.879,0.48,16.39,1.769,4.411,3,0.379,4,0.621
حيث,h-y-th,where,31,29,2.87,0.478,17.56,1.651,4.246,2,0.414,4,0.621
رفع,r-f-3,elevation,29,29,6.398,1.066,54.47,0.532,1.191,3,0.552,4,0.448
نصب,n-s-b,Share,32,29,5.529,0.921,43.54,0.666,2.21,2,0.483,4,0.448
وسع,w-s-3,Widened,32,29,2.838,0.473,19.11,1.518,4.589,2,0.31,4,0.69
صير,s-y-r,I prepared it for him,29,29,3.004,0.5,17.75,1.634,3.888,3,0.517,4,0.448
صرف,s-r-f,Accidents,30,29,3.462,0.577,18.6,1.559,2.987,4,0.552,4,0.345
افك,a-f-k,he denied,30,29,8.237,1.372,48.78,0.594,0.808,3,0.552,4,0.276
يقن,y-q-n,Certainty,28,28,5.57,0.928,53.8,0.52,0.454,2,0.357,0,0.214
سعي,s-3-a,Strived,30,28,3.744,0.624,14.12,1.984,2.05,3,0.571,4,0.321
خلو,kh-l-w,Except,28,28,4.709,0.784,50.55,0.554,2.414,2,0.571,4,0.429
دري,d-r-a,To understand,29,28,9.288,1.547,44.02,0.636,3.72,3,0.5,5,0.286
ثلث,th-l-th,to be cunning,32,28,6.462,1.076,43.33,0.646,3.016,2,0.286,4,0.714
برا,b-r-a,Innocent,31,28,3.077,0.513,18.12,1.545,3.504,2,0.429,4,0.393
غلب,gh-l-b,Dominance,31,28,6.802,1.133,44.01,0.636,0.774,4,0.643,4,0.357
ابد,a-b-d,,28,28,2.793,0.465,12.37,2.263,3.721,2,0.321,4,0.607
ودد,w-d-d,,29,28,3.915,0.652,29.25,0.957,3.76,2,0.393,4,0.607
عسي,3-s-a,to hope,30,28,3.057,0.509,15.96,1.754,3.767,3,0.536,4,0.464
حوط,h-w-T,Encompassing,28,27,6.841,1.14,60.84,0.444,1.194,4,0.593,4,0.444
لبث,l-b-th,Stay,31,27,7.702,1.283,42.59,0.634,0.829,3,0.481,4,0.296
رجو,r-j-w,,28,27,5.52,0.919,47.53,0.568,1.653,2,0.481,4,0.37
فوز,f-w-z,Victory,29,27,2.242,0.373,9.66,2.795,3.277,1,0.148,6,0.444
جند,j-n-d,,29,27,5.871,0.978,56.89,0.475,0.944,2,0.481,4,0.333
جدل,j-d-l,,29,27,3.131,0.521,14.8,1.825,3.27,2,0.481,4,0.444
هجر,h-j-r,Delirious,31,27,5.284,0.88,49.96,0.54,2.694,2,0.407,4,0.556
غشو,gh-sh-w,Swoon,29,26,7.411,1.235,49.93,0.521,1.018,3,0.538,4,0.462
طهر,T-h-r,Pure,31,26,3.872,0.645,22.95,1.133,3.513,3,0.423,4,0.577
ثقل,th-q-l,Drought,28,26,6.027,1.004,52.34,0.497,1.411,3,0.615,4,0.385
شجر,sh-j-r,Tree,27,26,5.177,0.862,48.7,0.534,1.649,3,0.654,4,0.346
شفع,sh-f-3,He interceded,31,26,4.32,0.72,46.31,0.561,2.111,2,0.5,4,0.385
جحم,j-h-m,,26,26,6.18,1.029,48.53,0.536,1.712,4,0.462,7,0.5
عشر,3-sh-r,Tenth,27,26,6.859,1.142,54.38,0.478,2.266,3,0.423,4,0.577
حجج,h-j-j,Pilgrim,33,26,2.836,0.472,12.98,2.004,4.215,2,0.385,4,0.654
هون,h-w-n,Easy,26,26,2.629,0.438,17.68,1.47,2.769,3,0.462,4,0.308
قمر,q-m-r,Dazzled,27,26,5.924,0.987,36.74,0.708,1.275,3,0.692,6,0.346
قعد,q-3-d,Sat,31,26,4.768,0.794,39.32,0.661,2.545,2,0.5,4,0.462
انث,a-n-th,Female,30,26,5.149,0.858,44.3,0.587,2.616,3,0.615,4,0.462
حول,h-w-l,Year,25,25,6.033,1.005,43.33,0.577,2.065,3,0.48,4,0.52
سير,s-y-r,Walked,27,25,7.404,1.233,62.46,0.4,1.326,3,0.6,4,0.44
منن,m-n-n,Who,27,25,6.051,1.008,52.57,0.476,1.902,3,0.52,4,0.44
شقق,sh-q-q,Split,28,25,3.674,0.612,20.94,1.194,2.302,3,0.64,6,0.36
حضر,h-d-r,Presence,25,25,5.056,0.842,40.89,0.611,2.046,3,0.56,4,0.36
صلي,s-l-a,Filled,25,25,8.665,1.443,50.21,0.498,3.045,4,0.68,5,0.24
فلك,f-l-k,Breast,25,25,7.026,1.17,56.59,0.442,1.029,4,0.68,4,0.4
بطن,b-T-n,Became large,25,25,8.096,1.349,54.08,0.462,0.469,3,0.52,4,0.44
قصص,q-s-s,Cutting,30,25,3.322,0.553,13.98,1.789,3.113,2,0.48,4,0.44
عجز,3-j-z,Incapacitating,26,25,2.936,0.489,18.04,1.385,1.742,2,0.2,0,0.32
نشا,n-sh-a,established,28,25,7.232,1.205,53.09,0.471,0.324,4,0.68,4,0.24
سقي,s-q-a,to cause to drink,25,24,6.389,1.064,44.25,0.542,1.116,3,0.625,4,0.375
كود,k-w-d,,24,24,3.357,0.559,19.18,1.251,2.978,2,0.417,4,0.417
سبع,s-b-3,seven,28,24,5.135,0.855,52.68,0.456,2.828,3,0.5,4,0.5
بوب,b-w-b,Door,27,24,3.291,0.548,14.01,1.713,3.605,2,0.292,4,0.583
عدل,3-d-l,Just.,28,24,3.064,0.51,14.95,1.605,4.633,1,0.292,4,0.667
ثني,th-n-a,Pine-tree,29,24,4.194,0.699,45.47,0.528,4.263,1,0.25,4,0.75
وعظ,w-3-z,,25,24,3.261,0.543,15.91,1.509,4.3,3,0.333,4,0.625
جهل,j-h-l,,24,24,4.527,0.754,41.34,0.581,3.225,2,0.417,4,0.542
خزي,kh-z-a,Disgraced,26,24,4.149,0.691,57.36,0.418,3.055,2,0.5,4,0.458
مسك,m-s-k,Retained,27,24,5.945,0.99,42.27,0.568,2.331,2,0.542,4,0.458
وضع,w-d-3,Position,26,24,5.77,0.961,47.17,0.509,3.366,1,0.25,4,0.75
لسن,l-s-n,Tongue,25,24,7.323,1.22,52.38,0.458,0.501,4,0.708,4,0.292
عجب,3-j-b,Wonder,27,24,5.948,0.991,52.1,0.461,2.011,4,0.583,4,0.417
طير,T-y-r,Bird,29,24,5.246,0.874,44.81,0.536,1.724,3,0.625,4,0.333
ذلل,dh-l-l,Humiliation,24,23,3.164,0.527,14.42,1.595,3.526,2,0.478,4,0.435
ثوب,th-w-b,Scorpion,28,23,3.032,0.505,15.06,1.527,3.491,2,0.478,4,0.435
مرض,m-r-d,Sick,24,23,4.2,0.7,36.59,0.629,4.097,2,0.348,4,0.652
شري,sh-r-a,Bought,25,23,2.419,0.403,6.83,3.367,4.266,2,0.435,4,0.565
نبت,n-b-t,Plant,26,23,5.611,0.935,51.37,0.448,2.281,2,0.522,4,0.478
غرق,gh-r-q,Coming,23,23,4.959,0.826,47.66,0.483,1.32,4,0.739,1,0.304
فحش,f-h-sh,Excessive,24,23,4.461,0.743,29.78,0.772,3.449,2,0.435,4,0.522
سرع,s-r-3,Quick,23,23,4.545,0.757,46.41,0.496,2.845,3,0.435,4,0.522
بسط,b-s-T,Simplified,25,23,2.923,0.487,12.25,1.877,3.688,2,0.478,6,0.522
مكر,m-k-r,Artifice,43,23,5.992,0.998,34.77,0.661,1.362,2,0.609,4,0.391
وقع,w-q-3,Occurrence,24,22,9.242,1.539,60.43,0.364,1.947,4,0.682,4,0.318
ثمر,th-m-r,Fragment,24,22,4.621,0.77,40.64,0.541,3.718,1,0.318,4,0.727
ترب,t-r-b,Dust,22,22,7.203,1.2,48.77,0.451,0.831,4,0.682,1,0.273
يتم,y-t-m,,23,22,6.448,1.074,51.94,0.424,2.434,2,0.409,4,0.591
اذي,a-dh-a,Harmed,24,22,2.546,0.424,11.93,1.844,4.67,2,0.364,4,0.636
قسط,q-s-T,Deviate,25,22,4.6,0.766,48.93,0.45,3.672,2,0.318,4,0.682
وهب,w-h-b,giving,25,22,4.896,0.816,52.69,0.418,0.93,3,0.5,1,0.318
عرب,3-r-b,Arabic,22,22,5.006,0.834,35.17,0.626,2.327,2,0.5,4,0.5
طلق,T-l-q,Loose,23,21,7.907,1.317,49.63,0.423,1.686,3,0.429,4,0.571
ربع,r-b-3,Four,22,21,2.981,0.496,14.54,1.444,4.687,2,0.333,4,0.667
اثر,a-th-r,preferred,21,21,5.444,0.907,51.15,0.411,1.553,3,0.619,4,0.381
فجر,f-j-r,Burst,24,21,8.524,1.42,51.88,0.405,1.872,4,0.619,1,0.19
غضب,gh-d-b,Anger,24,21,2.211,0.368,7.8,2.692,4.377,2,0.429,4,0.476
هود,h-w-d,Moved,21,21,2.966,0.494,8.62,2.436,3.334,2,0.524,4,0.476
غرر,gh-r-r,Prostration,27,21,2.765,0.461,12.69,1.654,4.043,2,0.429,4,0.571
وزن,w-z-n,Balance,23,21,8.892,1.481,50.39,0.417,1.676,4,0.762,0,0.238
بقي,b-q-a,remained,21,21,7.242,1.206,52.48,0.4,0.506,4,0.524,6,0.333
وصي,w-s-a,Executor,32,21,6.114,1.018,44.0,0.477,3.047,2,0.333,4,0.619
فرح,f-r-h,Rejoiced,22,21,3.183,0.53,17.01,1.234,3.093,2,0.429,4,0.429
سرف,s-r-f,Extravagant,23,21,5.232,0.872,51.79,0.405,2.563,3,0.524,4,0.476
نشر,n-sh-r,Published,21,20,3.604,0.6,24.26,0.824,1.262,4,0.7,6,0.3
مشي,m-sh-a,Strolled,23,20,3.352,0.558,19.92,1.004,3.093,2,0.45,4,0.4
لبس,l-b-s,to confuse,23,20,3.66,0.61,20.76,0.963,3.199,2,0.4,4,0.5
كتم,k-t-m,Concealed,21,20,2.874,0.479,10.21,1.959,4.035,2,0.45,4,0.6
حمم,h-m-m,Intense heat,21,20,10.54,1.756,48.02,0.416,4.565,4,0.65,5,0.25
نزع,n-z-3,Baldness,20,20,3.918,0.653,19.04,1.051,1.876,2,0.55,4,0.35
خطا,kh-T-a,mistake,22,20,6.361,1.06,47.25,0.423,1.147,3,0.55,4,0.3
نخل,n-kh-l,,20,20,6.477,1.079,39.61,0.505,0.694,4,0.7,4,0.25
سنو,s-n-w,Year,20,20,8.043,1.34,54.79,0.365,0.473,3,0.65,4,0.3
تمم,t-m-m,Complete,22,20,2.435,0.406,10.06,1.989,5.126,1,0.25,4,0.75
رقب,r-q-b,He watched,24,20,3.977,0.662,20.51,0.975,3.751,2,0.35,4,0.65
حدد,h-d-d,Iron,25,20,4.885,0.814,26.09,0.767,3.012,1,0.2,4,0.55
حلم,h-l-m,Forbearing,21,20,6.75,1.124,42.65,0.469,1.927,2,0.5,4,0.5
درج,d-r-j,Degree,20,20,3.127,0.521,15.87,1.26,3.667,4,0.6,4,0.4
فقه,f-q-h,,20,20,6.009,1.001,30.44,0.657,2.519,2,0.3,4,0.65
لعب,l-3-b,Played,20,20,6.325,1.054,35.64,0.561,0.617,3,0.65,0,0.25
كشف,k-sh-f,Disclosed,20,20,3.227,0.538,16.73,1.196,2.638,2,0.4,4,0.35
حذر,h-dh-r,Cautious,21,19,2.665,0.444,10.61,1.792,4.554,2,0.263,4,0.737
فكه,f-k-h,Jovial,19,19,6.985,1.164,27.95,0.68,3.715,2,0.421,7,0.368
ثمن,th-m-n,Yearling,19,19,2.682,0.447,13.08,1.453,4.723,2,0.263,4,0.737
سعر,s-3-r,Blaze,19,19,4.773,0.795,44.99,0.422,1.097,3,0.684,1,0.316
فطر,f-T-r,Cleft,20,19,3.94,0.656,21.11,0.9,3.003,3,0.579,4,0.421
عمر,3-m-r,lived,24,19,4.85,0.808,40.21,0.473,3.355,2,0.316,4,0.684
الف,a-l-f,Thousand,22,19,6.854,1.142,51.3,0.37,0.952,2,0.632,4,0.368
بلد,b-l-d,Dwelt,19,19,7.439,1.239,52.55,0.362,1.232,3,0.789,1,0.263
مري,m-r-a,,20,19,6.676,1.112,52.52,0.362,0.393,2,0.632,4,0.316
رشد,r-sh-d,Guidance,19,19,3.589,0.598,14.26,1.332,2.837,3,0.579,4,0.421
نكح,n-k-h,married,23,19,1.551,0.258,3.35,5.668,6.032,1,0.105,4,0.895
فتي,f-t-a,Youth,21,19,5.537,0.922,37.01,0.513,2.659,2,0.474,4,0.526
صنع,s-n-3,Watī'ah,20,19,4.976,0.829,39.12,0.486,2.556,2,0.526,4,0.474
حجر,h-j-r,Stone,21,18,5.604,0.934,49.09,0.367,1.535,3,0.667,4,0.333
نفخ,n-f-kh,blew,20,18,4.055,0.675,22.28,0.808,1.644,3,0.556,1,0.278
مني,m-n-a,Mina,21,18,3.682,0.613,9.68,1.859,2.627,2,0.556,4,0.333
دبب,d-b-b,creature,18,18,3.0,0.5,15.94,1.129,3.525,2,0.5,4,0.5
فكر,f-k-r,thought,18,18,2.805,0.467,11.91,1.511,4.514,2,0.278,4,0.722
غوي,gh-w-a,To be led astray.,22,18,4.979,0.829,34.05,0.529,0.512,2,0.333,0,0.222
طلع,T-l-3,He produced,19,18,6.064,1.01,46.86,0.384,1.436,2,0.556,4,0.444
نوب,n-w-b,Repentant,18,18,3.56,0.593,20.39,0.883,3.317,2,0.556,4,0.389
صور,s-w-r,Tested man,19,17,3.828,0.638,22.6,0.752,1.19,3,0.588,6,0.294
اوب,a-w-b,Repenter,17,17,3.236,0.539,17.13,0.992,0.732,2,0.647,1,0.294
عوذ,3-w-dh,I seek refuge.,17,17,3.612,0.602,19.92,0.853,1.913,3,0.529,3,0.235
خفف,kh-f-f,Light,17,17,2.831,0.472,17.48,0.973,2.885,3,0.471,0,0.412
منع,m-n-3,Prevented,17,17,5.526,0.92,40.51,0.42,1.044,3,0.647,4,0.353
شرق,sh-r-q,East,17,17,5.819,0.969,50.9,0.334,1.123,3,0.647,4,0.294
غرب,gh-r-b,To embrace,19,17,3.596,0.599,17.81,0.955,3.928,2,0.412,4,0.588
شهر,sh-h-r,Publicly disgrace,21,17,2.208,0.368,10.17,1.672,5.369,1,0.176,4,0.824
راس,r-a-s,Head,18,17,3.489,0.581,13.63,1.247,3.771,1,0.529,4,0.471
خصم,kh-s-m,Opponent,18,17,6.074,1.012,46.54,0.365,0.792,1,0.471,0,0.235
ثبت,th-b-t,Well,18,17,3.005,0.501,13.21,1.287,3.306,2,0.412,4,0.412
لدن,l-d-n,Supple,18,17,2.881,0.48,14.08,1.207,1.454,2,0.412,1,0.412
حزب,h-z-b,Party,20,17,4.981,0.83,31.22,0.545,1.874,3,0.588,0,0.294
مدن,m-d-n,,17,17,10.81,1.801,21.97,0.774,1.776,2,0.353,4,0.647
سور,s-w-r,leap,17,16,2.626,0.437,8.14,1.965,3.123,2,0.438,6,0.438
مكن,m-k-n,,18,16,4.121,0.686,17.26,0.927,2.396,2,0.562,4,0.438
خشع,kh-sh-3,Humble,17,16,6.908,1.151,29.23,0.547,0.773,2,0.562,4,0.438
بوا,b-w-a,letter B,17,16,2.582,0.43,8.27,1.935,4.51,2,0.375,4,0.625
علن,3-l-n,Openness,16,16,2.831,0.472,10.56,1.515,2.669,2,0.5,6,0.375
سطر,s-T-r,,16,16,5.145,0.857,37.12,0.431,0.501,3,0.562,1,0.375
نقم,n-q-m,Vengeance,17,16,3.217,0.536,14.13,1.132,2.216,3,0.625,1,0.5
ملل,m-l-l,He put it,18,16,3.361,0.56,11.32,1.413,3.438,3,0.5,4,0.5
صفو,s-f-w,Clear,17,16,5.207,0.867,39.75,0.403,1.58,2,0.438,6,0.5
لبب,l-b-b,,16,16,4.858,0.809,42.73,0.374,1.973,2,0.5,6,0.562
حبط,h-b-T,To be swollen,16,16,2.649,0.441,8.96,1.786,3.649,3,0.625,6,0.438
غدو,gh-d-w,hollow,16,16,7.181,1.196,63.25,0.253,0.147,2,0.625,6,0.375
عتد,3-t-d,Ready,16,16,2.982,0.497,14.84,1.078,2.119,3,0.5,1,0.562
زعم,z-3-m,He asserted,17,16,3.095,0.516,8.06,1.985,2.381,3,0.562,4,0.312
نفر,n-f-r,Fled,18,16,3.41,0.568,14.02,1.141,2.445,3,0.625,4,0.312
سوق,s-w-q,Clouds,17,16,4.062,0.677,21.37,0.749,2.519,2,0.562,4,0.438
مهد,m-h-d,made smooth,16,15,8.744,1.456,47.46,0.316,2.051,2,0.6,0,0.2
سوم,s-w-m,Attribute,15,15,5.936,0.989,55.88,0.268,2.151,1,0.467,4,0.533
جهر,j-h-r,,16,15,3.141,0.523,16.0,0.937,2.488,2,0.467,6,0.333
لهو,l-h-w,Diversion,16,15,3.32,0.553,13.07,1.148,2.676,2,0.533,4,0.333
ركب,r-k-b,Riders,15,15,5.74,0.956,42.47,0.353,0.595,3,0.733,6,0.333
ربو,r-b-w,Usury,20,15,3.492,0.582,15.67,0.957,3.481,2,0.533,4,0.467
سنن,s-n-n,Bit him,21,15,3.008,0.501,16.31,0.92,2.052,2,0.267,6,0.467
شكك,sh-k-k,Doubt,15,15,4.907,0.817,30.5,0.492,3.381,1,0.267,4,0.733
فاد,f-a-d,Heart,16,15,5.392,0.898,43.25,0.347,0.913,2,0.667,6,0.4
صمم,s-m-m,Whispered,15,14,4.405,0.734,38.38,0.365,0.907,1,0.357,6,0.5
رسو,r-s-w,Anchorage,14,14,6.071,1.011,37.87,0.37,1.094,2,0.643,4,0.357
عشو,3-sh-w,twilight,14,14,5.835,0.972,45.7,0.306,1.134,2,0.714,4,0.286
فرض,f-r-d,Imposed,18,14,3.326,0.554,15.06,0.93,4.549,2,0.357,4,0.643
رجم,r-j-m,Stoned,14,14,3.553,0.592,16.87,0.83,1.422,1,0.5,7,0.286
بدا,b-d-a,Beginning,15,14,3.284,0.547,18.79,0.745,2.52,2,0.5,6,0.5
كفف,k-f-f,Hand,15,14,2.299,0.383,7.25,1.931,4.948,1,0.214,4,0.714
فقر,f-q-r,Poor,14,14,2.812,0.468,11.0,1.273,4.385,1,0.286,4,0.714
ثوي,th-w-a,Wounded him,14,14,2.12,0.353,6.68,2.096,4.049,1,0.071,6,0.5
وزر,w-z-r,,27,14,8.214,1.368,42.01,0.333,0.496,2,0.5,4,0.5
وصف,w-s-f,Attained,14,14,3.422,0.57,15.53,0.901,2.95,2,0.643,4,0.357
نجم,n-j-m,Star,13,13,3.392,0.565,16.73,0.777,1.099,1,0.308,7,0.538
وقت,w-q-t,,13,13,8.609,1.434,43.65,0.298,0.284,2,0.538,4,0.462
شهو,sh-h-w,Desire,13,13,4.774,0.795,28.94,0.449,0.755,1,0.154,0,0.385
كيل,k-y-l,Measure,16,13,8.426,1.404,34.65,0.375,0.674,2,0.615,4,0.385
فدي,f-d-a,ransomed,13,13,4.782,0.797,11.46,1.134,3.73,1,0.231,4,0.769
راف,r-a-f,Pity,13,13,3.027,0.504,9.4,1.383,3.982,2,0.462,4,0.538
خلل,kh-l-l,Gap,13,13,3.357,0.559,12.19,1.067,2.854,2,0.538,4,0.462
صغر,s-gh-r,Small,13,13,6.052,1.008,37.79,0.344,2.483,1,0.385,4,0.615
غلم,gh-l-m,To lust,13,13,2.279,0.38,11.92,1.091,1.054,1,0.154,6,0.385
فوه,f-w-h,Wide-mouthed,13,13,3.102,0.517,14.2,0.915,4.342,1,0.385,4,0.615
غلظ,gh-l-z,Thick,13,13,2.997,0.499,9.45,1.375,3.191,2,0.385,4,0.385
غلل,gh-l-l,Shackle,16,13,4.101,0.683,15.35,0.847,2.969,2,0.462,4,0.538
بغت,b-gh-t,Suddenly,13,13,5.242,0.873,27.01,0.481,1.463,2,0.385,0,0.385
خزن,kh-z-n,,13,13,3.39,0.565,14.59,0.891,2.604,2,0.615,4,0.385
صيح,s-y-h,Sack,13,13,2.731,0.455,8.48,1.533,1.775,3,0.538,0,0.462
بكر,b-k-r,Pulley,12,12,3.547,0.591,16.19,0.741,1.806,2,0.75,0,0.333
ابي,a-b-a,refused,13,12,3.641,0.607,16.35,0.734,2.888,2,0.667,4,0.417
عطو,3-T-w,Gave,14,12,9.151,1.524,46.57,0.258,3.492,2,0.75,3,0.25
خطب,kh-T-b,To propose,12,12,6.944,1.157,46.29,0.259,0.676,2,0.667,4,0.333
صفف,s-f-f,Arranged,14,12,5.936,0.989,42.55,0.282,0.411,1,0.75,6,0.417
رهب,r-h-b,Monasticism,12,12,3.132,0.522,10.06,1.193,4.066,2,0.417,4,0.583
عصو,3-s-w,Disobeyed,12,12,8.79,1.464,38.15,0.315,1.094,2,0.667,4,0.333
سفر,s-f-r,swept,12,12,6.574,1.095,37.14,0.323,2.311,1,0.333,4,0.667
نطف,n-T-f,Sperm,12,12,4.601,0.766,22.09,0.543,1.636,2,0.583,1,0.333
طمع,T-m-3,Enticed,12,12,3.305,0.551,19.07,0.629,2.888,0,1.0,6,0.333
سجن,s-j-n,Prison,12,12,3.843,0.64,11.57,1.037,3.061,2,0.583,4,0.417
حور,h-w-r,Houris,13,12,6.376,1.062,43.23,0.278,0.149,2,0.583,6,0.25
نبذ,n-b-dh,discarded,12,12,9.571,1.594,47.86,0.251,3.15,2,0.667,1,0.25
شقو,sh-q-w,Unhappy,12,12,7.306,1.217,39.84,0.301,2.06,1,0.75,6,0.25
قنت,q-n-t,Devout,13,12,3.404,0.567,11.19,1.072,3.418,2,0.5,4,0.417
طمن,T-m-n,Reassured,13,12,3.604,0.6,14.19,0.845,2.997,1,0.583,4,0.417
عسر,3-s-r,To be difficult,12,12,8.86,1.476,41.13,0.292,1.065,3,0.667,4,0.333
حنف,h-n-f,Inclining,12,12,2.187,0.364,8.41,1.426,2.046,1,0.25,6,0.417
حسر,h-s-r,Removed,12,12,6.318,1.052,48.31,0.248,1.637,1,0.583,4,0.417
لحم,l-h-m,Woof,12,12,2.709,0.451,6.11,1.962,4.934,1,0.167,4,0.833
بيض,b-y-d,Whitened,12,12,6.966,1.16,33.96,0.353,0.7,1,0.667,4,0.417
ربص,r-b-s,Awaited,17,12,3.278,0.546,9.3,1.29,3.871,2,0.5,4,0.5
كنن,k-n-n,,12,12,4.607,0.767,14.53,0.826,2.492,2,0.5,4,0.417
طين,T-y-n,To cover,12,12,4.218,0.703,21.52,0.558,1.747,3,0.667,1,0.333
عصم,3-s-m,Clung,13,12,1.816,0.302,1.8,6.651,5.23,2,0.25,4,0.75
جبي,j-b-a,,12,12,3.49,0.581,10.91,1.099,3.97,2,0.333,4,0.667
حصن,h-s-n,Fortified,18,12,3.232,0.538,11.74,1.022,4.559,1,0.333,4,0.667
حلف,h-l-f,Swore,13,12,3.146,0.524,8.87,1.353,3.256,2,0.583,4,0.417
لوم,l-w-m,Reproach,14,12,8.375,1.395,37.22,0.322,1.23,2,0.75,4,0.25
جحد,j-h-d,,12,12,6.12,1.019,38.01,0.316,2.194,2,0.5,4,0.5
ضيق,d-y-q,narrow,13,12,6.466,1.077,26.96,0.445,1.805,2,0.583,4,0.5
زرع,z-r-3,Sowed,14,12,8.518,1.419,32.94,0.364,0.796,1,0.583,4,0.5
خرر,kh-r-r,Gurgled,12,12,3.029,0.505,11.52,1.041,3.96,2,0.417,4,0.583
سلك,s-l-k,Cleared,12,12,10.467,1.744,38.62,0.311,1.505,2,0.583,4,0.417
وقد,w-q-d,,11,11,3.831,0.638,11.44,0.961,3.386,2,0.636,4,0.455
عذر,3-dh-r,Excuse,12,11,9.32,1.552,33.55,0.328,2.659,2,0.545,0,0.455
قصر,q-s-r,shortened,11,11,3.78,0.63,5.84,1.883,1.505,2,0.364,4,0.273
جمل,j-m-l,,11,11,10.757,1.792,46.4,0.237,2.674,1,0.636,4,0.273
نطق,n-T-q,Speech,12,11,10.656,1.775,45.74,0.241,7.163,2,0.545,1,0.273
حصي,h-s-a,,11,11,3.74,0.623,16.79,0.655,2.355,2,0.364,4,0.273
عنب,3-n-b,Grape,11,11,8.587,1.43,38.35,0.287,0.301,2,0.727,1,0.273
لغو,l-gh-w,Naught,11,11,5.646,0.94,37.66,0.292,0.44,1,0.455,0,0.455
ودي,w-d-a,valley,12,11,3.85,0.641,11.88,0.926,3.723,2,0.364,4,0.636
طور,T-w-r,Phase,11,11,9.001,1.499,37.41,0.294,1.253,1,0.545,4,0.455
حرث,h-r-th,Cultivated,14,11,6.415,1.069,26.85,0.41,2.358,1,0.364,4,0.636
ايد,a-y-d,Supported,11,11,2.96,0.493,11.27,0.976,4.837,1,0.273,4,0.727
شفق,sh-f-q,Fearful,11,11,3.429,0.571,13.25,0.83,2.994,2,0.545,4,0.455
طرق,T-r-q,Way,11,11,2.912,0.485,14.28,0.77,0.651,1,0.273,0,0.273
سحب,s-h-b,Clouds,11,11,3.445,0.574,13.89,0.792,3.485,2,0.545,4,0.455
حرر,h-r-r,Heat,15,11,3.816,0.636,11.39,0.966,4.014,1,0.455,4,0.636
صوم,s-w-m,Confirmed,14,11,1.61,0.268,2.36,4.658,5.73,1,0.091,4,0.909
خون,kh-w-n,Caravanserai,16,11,2.71,0.451,4.77,2.306,2.906,2,0.273,6,0.636
بيع,b-y-3,Sale,15,11,0.753,0.125,0.68,16.219,5.653,1,0.0,4,1.0
حرب,h-r-b,Provoked,11,11,2.856,0.476,4.77,2.305,4.296,2,0.364,4,0.636
طرف,T-r-f,Wink,11,11,3.648,0.608,12.25,0.898,2.625,2,0.636,4,0.364
زبر,z-b-r,to fortify,11,11,3.593,0.598,18.93,0.581,1.531,0,1.0,6,0.364
حرج,h-r-j,Narrow,15,11,2.631,0.438,4.32,2.545,5.298,1,0.273,4,0.727
درك,d-r-k,understood,12,11,3.331,0.555,11.63,0.945,3.007,2,0.455,6,0.455
طبع,T-b-3,Seal,11,11,5.94,0.99,38.84,0.283,2.475,1,0.455,4,0.545
ياس,y-a-s,Despair,13,11,3.77,0.628,15.63,0.704,3.757,1,0.364,4,0.455
شيع,sh-y-3,Shiah,12,11,3.663,0.61,11.14,0.988,2.13,3,0.636,1,0.273
شمل,sh-m-l,North,12,11,4.473,0.745,11.36,0.968,2.557,2,0.636,4,0.455
نصح,n-s-h,Advisor,13,11,3.41,0.568,12.78,0.861,1.974,3,0.727,6,0.364
وكا,w-k-a,,11,11,2.848,0.474,4.97,2.213,0.62,1,0.182,0,0.636
اصل,a-s-l,Rooted,10,10,2.26,0.377,7.99,1.252,1.491,1,0.3,6,0.6
طول,T-w-l,Advantage,10,10,3.835,0.639,10.2,0.981,3.457,1,0.4,4,0.5
سفه,s-f-h,Foolish,11,10,3.618,0.603,14.56,0.687,3.359,1,0.5,4,0.5
صعق,s-3-q,Thunderbolt,11,10,3.399,0.566,12.85,0.778,3.153,2,0.5,0,0.4
وصل,w-s-l,Union,12,10,3.083,0.514,7.33,1.365,3.915,2,0.4,4,0.6
ركع,r-k-3,Bowing,13,10,6.773,1.128,47.19,0.212,1.378,2,0.5,4,0.4
دمو,d-m-w,Blood,10,10,3.235,0.539,10.68,0.937,4.304,1,0.3,4,0.7
قدس,q-d-s,Holiness,10,10,3.817,0.636,11.62,0.861,3.746,2,0.5,4,0.4
عون,3-w-n,Mature cow,11,10,3.189,0.531,10.47,0.955,2.456,2,0.5,6,0.4
غمم,gh-m-m,Grief,11,10,3.613,0.602,13.54,0.739,4.094,1,0.5,4,0.6
فرر,f-r-r,Lambs,11,10,3.934,0.655,14.25,0.702,1.242,1,0.6,7,0.4
ضحك,d-h-k,smiling,10,10,8.436,1.405,36.06,0.277,2.525,1,0.7,0,0.4
رهق,r-h-q,Suspected,10,10,10.037,1.672,26.1,0.383,3.794,1,0.6,0,0.4
زلف,z-l-f,Nearness,10,10,3.808,0.634,16.24,0.616,0.693,1,0.7,1,0.3
نيل,n-y-l,Acquisition,12,10,2.186,0.364,5.58,1.793,4.471,2,0.4,4,0.6
ضيع,d-y-3,More perishing,10,10,2.606,0.434,6.29,1.59,4.289,2,0.5,4,0.5
سبب,s-b-b,Caused,11,10,7.247,1.207,48.64,0.206,0.078,0,1.0,4,0.3
زيل,z-y-l,Thigh width,10,10,3.0,0.5,7.77,1.287,4.063,1,0.4,4,0.6
عزل,3-z-l,Aloofness,10,10,4.026,0.671,11.69,0.855,3.426,1,0.5,4,0.5
نقص,n-q-s,Decreased,10,10,7.494,1.248,37.53,0.266,1.339,1,0.5,4,0.5
يمم,y-m-m,To perform dry ablution,11,10,3.705,0.617,8.76,1.142,4.074,1,0.4,4,0.6
خبث,kh-b-th,Evil,16,10,2.098,0.349,7.77,1.287,4.736,1,0.2,4,0.7
كفل,k-f-l,Buttocks,10,10,3.971,0.661,11.67,0.857,3.213,1,0.4,4,0.6
غيظ,gh-y-z,to enrage,11,10,3.568,0.594,12.94,0.773,3.076,2,0.6,4,0.4
جور,j-w-r,,13,10,3.041,0.507,7.29,1.372,3.527,2,0.5,6,0.6
جبر,j-b-r,unavenged,10,10,3.742,0.623,13.35,0.749,1.705,3,0.6,7,0.3
حيق,h-y-q,,10,10,2.591,0.432,3.38,2.959,2.629,2,0.3,0,0.7
قهر,q-h-r,Omnipotent,10,10,6.974,1.162,50.84,0.197,0.766,1,0.6,6,0.4
جدد,j-d-d,,10,10,6.493,1.082,44.12,0.227,0.838,1,0.4,1,0.5
فضض,f-d-d,Broke it,9,9,4.091,0.682,12.1,0.744,3.037,1,0.444,4,0.556
حلي,h-l-a,Adornment,9,9,2.881,0.48,8.62,1.043,4.2,2,0.556,4,0.667
فرج,f-r-j,Relief,9,9,4.794,0.799,24.1,0.373,1.97,0,1.0,4,0.333
شبه,sh-b-h,Similarity,12,9,2.09,0.348,5.4,1.667,5.247,1,0.111,4,0.889
نقض,n-q-d,Refuted,9,9,2.906,0.484,3.65,2.463,4.078,1,0.333,4,0.667
نوم,n-w-m,,9,9,10.111,1.684,35.54,0.253,0.645,1,0.556,4,0.444
ذبح,dh-b-h,slaughtered,9,9,6.096,1.015,16.16,0.557,3.432,1,0.222,4,0.778
عبر,3-b-r,Crossed,9,9,3.579,0.596,8.83,1.019,3.645,2,0.444,4,0.556
رعي,r-3-a,Pasture,10,9,7.547,1.257,35.07,0.257,0.387,2,0.556,4,0.333
برز,b-r-z,emerge,9,9,4.529,0.754,17.63,0.511,2.149,1,0.667,4,0.333
رجز,r-j-z,Rhyme,10,9,3.601,0.6,16.17,0.557,1.934,1,0.556,1,0.556
صحف,s-h-f,Plate,9,9,5.16,0.86,30.61,0.294,2.562,1,0.444,7,0.333
بقر,b-q-r,Split,9,9,2.778,0.463,4.99,1.803,4.925,1,0.333,4,0.778
حرق,h-r-q,Fire,9,9,2.616,0.436,4.39,2.051,3.29,2,0.444,0,0.444
بثث,b-th-th,Dispersed,9,9,4.221,0.703,9.75,0.923,2.07,1,0.667,4,0.333
عكف,3-k-f,Devoted,9,9,3.305,0.551,4.42,2.038,4.086,2,0.333,4,0.667
سود,s-w-d,Master,10,9,3.549,0.591,10.41,0.865,3.492,2,0.556,4,0.556
عزم,3-z-m,Determination,9,9,7.14,1.189,31.22,0.288,1.685,2,0.556,4,0.444
فاي,f-a-a,,11,9,3.056,0.509,8.87,1.015,4.362,1,0.333,4,0.667
دفع,d-f-3,Compelled,10,9,4.093,0.682,7.4,1.217,3.312,1,0.444,4,0.556
خيل,kh-y-l,Horses,9,9,7.173,1.195,27.65,0.326,2.032,1,0.444,4,0.556
ولج,w-l-j,,14,9,2.516,0.419,4.32,2.085,4.568,2,0.556,4,0.667
دوم,d-w-m,to last,9,9,3.764,0.627,15.77,0.571,2.962,2,0.667,4,0.444
عوج,3-w-j,crooked,9,9,2.897,0.483,9.75,0.923,2.155,1,0.556,6,0.556
صعد,s-3-d,High ground,9,9,6.926,1.154,8.51,1.058,2.144,1,0.444,4,0.556
ملو,,,10,9,2.305,0.384,6.43,1.401,0.78,1,0.222,0,0.556
جلد,j-l-d,,13,9,6.443,1.073,18.55,0.485,2.717,1,0.222,4,0.778
غنم,gh-n-m,gained,9,9,3.237,0.539,10.81,0.833,3.904,1,0.444,4,0.556
مطر,m-T-r,Rain,15,9,3.155,0.526,6.02,1.496,1.753,1,0.222,1,0.667
خوض,kh-w-d,Wallowed,12,9,4.092,0.682,9.97,0.902,2.771,1,0.556,4,0.444
سفل,s-f-l,Lower,10,9,7.103,1.183,26.32,0.342,0.899,1,0.556,1,0.444
رجس,r-j-s,Uncleanness,10,9,2.18,0.363,5.19,1.736,4.836,1,0.222,4,0.667
وقر,w-q-r,,9,9,6.878,1.146,38.99,0.231,1.779,1,0.444,4,0.444
عتو,3-t-w,Fierce,10,9,2.401,0.4,7.64,1.178,1.274,1,0.667,1,0.333
عنق,3-n-q,Neck,9,9,4.163,0.694,15.6,0.577,1.917,1,0.667,4,0.333
ورد,w-r-d,,11,9,6.821,1.136,44.48,0.202,0.987,1,0.667,0,0.222
عرج,3-r-j,Lame,9,9,4.322,0.72,19.87,0.453,2.881,1,0.556,4,0.333
ختم,kh-t-m,Seal,8,8,7.936,1.322,36.74,0.218,0.25,1,0.625,4,0.375
خضر,kh-d-r,Green,8,8,3.669,0.611,13.92,0.575,3.588,1,0.625,4,0.5
تجر,t-j-r,Trafficked,9,8,2.288,0.381,3.09,2.587,4.634,2,0.375,4,0.625
عيش,3-y-sh,Sustenance,8,8,4.13,0.688,12.28,0.651,0.728,1,0.625,7,0.375
هبط,h-b-T,to lower,8,8,7.618,1.269,26.12,0.306,1.722,1,0.375,4,0.625
قبر,q-b-r,Buried,8,8,9.881,1.646,33.35,0.24,3.06,0,1.0,6,0.375
غبر,gh-b-r,side,8,8,6.412,1.068,38.9,0.206,2.067,1,0.5,1,0.5
حجب,h-j-b,Veil,8,8,3.456,0.576,11.74,0.682,2.562,1,0.625,1,0.375
بطش,b-T-sh,Might,10,8,4.053,0.675,17.47,0.458,1.023,1,0.5,1,0.5
صلب,s-l-b,one,8,8,3.444,0.574,5.67,1.412,4.699,1,0.25,4,0.75
برهن,b-r-h-n,Proved,8,8,3.232,0.538,11.15,0.718,3.568,1,0.625,4,0.375
ضرع,d-r-3,Supplication,8,8,2.755,0.459,10.2,0.784,1.473,1,0.5,0,0.375
سري,s-r-a,prisoners,8,8,3.803,0.633,11.43,0.7,1.616,0,1.0,3,0.25
رغب,r-gh-b,Desire,8,8,3.839,0.64,17.41,0.46,3.901,1,0.5,4,0.625
عقر,3-q-r,Wounding,8,8,8.723,1.453,31.34,0.255,3.36,1,0.5,6,0.375
فيض,f-y-d,Overflowed,9,8,2.021,0.337,4.98,1.608,4.863,1,0.25,4,0.75
كلف,k-l-f,,8,8,3.541,0.59,5.59,1.43,4.261,1,0.375,4,0.625
بهت,b-h-t,Dumbfounded,8,8,7.585,1.264,22.89,0.349,0.975,2,0.625,4,0.375
سلف,s-l-f,Passed away,8,8,3.841,0.64,7.86,1.018,2.974,2,0.5,4,0.375
زيغ,z-y-gh,deviated,9,8,7.466,1.244,38.65,0.207,1.453,2,0.5,4,0.5
همم,h-m-m,Intention,9,8,1.775,0.296,3.35,2.388,5.447,1,0.125,4,0.875
خمس,kh-m-s,He made it five.,8,8,3.655,0.609,15.88,0.504,3.296,1,0.625,4,0.375
وهن,w-h-n,Weakened,9,8,3.071,0.512,7.08,1.13,3.064,0,1.0,6,0.375
فرط,f-r-T,Precede,8,8,2.631,0.438,4.6,1.741,4.263,1,0.375,4,0.625
سقط,s-q-T,Fell,8,8,3.271,0.545,4.52,1.769,2.749,2,0.625,4,0.375
لطف,l-T-f,Gentle,8,8,3.224,0.537,5.32,1.505,3.547,2,0.375,6,0.5
دلل,d-l-l,Directed,8,8,3.591,0.598,13.51,0.592,3.249,1,0.625,6,0.5
ستت,s-t-t,Accused,8,8,2.85,0.475,14.71,0.544,4.63,1,0.25,4,0.75
دمر,d-m-r,perished,10,8,3.588,0.598,6.1,1.311,2.055,1,0.625,1,0.375
ترف,t-r-f,Natural protuberance,8,8,3.454,0.575,5.75,1.392,2.287,2,0.5,1,0.375
خسف,kh-s-f,Sank,8,8,7.616,1.269,46.53,0.172,0.946,1,0.625,4,0.375
قذف,q-dh-f,Vulgarity,9,8,3.393,0.565,12.09,0.662,3.027,2,0.625,0,0.375
عمه,3-m-h,,7,7,2.524,0.42,6.34,1.104,1.404,1,0.571,1,0.429
رمي,r-m-a,throwing,9,7,4.135,0.689,7.42,0.943,2.59,1,0.571,4,0.429
سبت,s-b-t,Rested,9,7,8.461,1.409,43.63,0.16,0.852,1,0.571,4,0.429
رجف,r-j-f,quake,8,7,3.903,0.65,10.64,0.658,2.021,1,0.571,0,0.571
ضحو,d-h-w,Forenoon,7,7,8.65,1.441,13.36,0.524,5.572,1,0.571,0,0.286
لون,l-w-n,colored,9,7,3.366,0.561,10.04,0.697,3.661,1,0.571,4,0.571
صفح,s-f-h,Broadening,8,7,8.511,1.418,21.17,0.331,1.125,1,0.429,4,0.571
عمد,3-m-d,pillar,7,7,8.728,1.454,35.58,0.197,1.371,1,0.429,4,0.571
نوق,n-w-q,She-camel,7,7,3.784,0.63,13.14,0.533,2.256,0,1.0,1,0.286
بخل,b-kh-l,Stingy,12,7,8.658,1.442,34.7,0.202,0.271,0,1.0,4,0.429
خمر,kh-m-r,Veil,7,7,0.76,0.127,0.49,14.292,6.119,1,0.0,4,0.857
عقد,3-q-d,Knot,7,7,4.367,0.727,7.64,0.916,4.017,1,0.286,4,0.714
نصف,n-s-f,,7,7,2.764,0.46,1.01,6.91,5.479,1,0.143,4,0.857
قرض,q-r-d,Criticism,13,7,2.358,0.393,1.89,3.712,4.4,2,0.429,6,0.571
قبض,q-b-d,seized,9,7,3.497,0.582,9.52,0.735,2.997,1,0.571,4,0.429
ماي,m-a-a,mewed,10,7,11.602,1.933,8.51,0.823,1.082,1,0.286,4,0.714
عوم,3-w-m,Year,9,7,3.966,0.661,10.72,0.653,3.655,1,0.429,4,0.429
وبل,w-b-l,evil result,8,7,8.481,1.413,28.28,0.248,1.193,1,0.571,4,0.429
بخس,b-kh-s,Deficient,7,7,2.951,0.492,3.31,2.117,2.971,1,0.286,0,0.571
حظظ,h-z-z,Fortune,7,7,1.893,0.315,2.98,2.348,5.527,1,0.143,4,0.857
اسو,a-s-w,Example,7,7,2.985,0.497,6.33,1.106,2.869,1,0.571,6,0.714
ندم,n-d-m,,7,7,7.982,1.33,31.92,0.219,1.678,1,0.286,4,0.571
سرق,s-r-q,Silk piece,9,7,3.849,0.641,14.45,0.484,2.238,0,1.0,6,0.429
كنز,k-n-z,Concealed,9,7,7.708,1.284,27.48,0.255,2.279,1,0.286,4,0.714
بكي,b-k-a,Cried,7,7,11.988,1.997,42.44,0.165,6.321,1,0.571,0,0.286
مكث,m-k-th,Tarry,7,7,8.91,1.484,43.99,0.159,0.927,0,1.0,1,0.286
كاس,k-a-s,Grasshopper,6,6,9.388,1.564,11.57,0.519,5.77,0,1.0,0,0.333
لالا,,,6,6,3.292,0.548,1.12,5.337,0.605,0,1.0,0,0.5
اسر,a-s-r,captive,6,6,3.599,0.599,8.11,0.74,3.514,0,1.0,4,0.5
ضوا,d-w-a,Light,6,6,3.468,0.578,4.39,1.366,4.106,1,0.333,4,0.5
عصف,3-s-f,Herb,7,6,9.193,1.531,37.11,0.162,1.33,0,1.0,4,0.333
بكم,b-k-m,Dumb,6,6,9.192,1.531,39.66,0.151,0.606,0,1.0,4,0.333
برق,b-r-q,Shone,6,6,8.63,1.438,38.83,0.155,1.676,1,0.333,4,0.667
خطف,kh-T-f,snatched,7,6,2.86,0.476,5.22,1.149,4.574,1,0.167,4,0.833
فرش,f-r-sh,Spread,6,6,8.817,1.469,19.25,0.312,2.433,0,1.0,7,0.333
ندد,n-d-d,,6,6,3.014,0.502,10.53,0.57,4.577,1,0.333,4,0.667
رصد,r-s-d,Ambush,6,6,4.411,0.735,13.76,0.436,2.012,0,1.0,4,0.333
كرر,k-r-r,Body,6,6,2.974,0.495,6.55,0.916,1.279,0,1.0,0,0.333
زيت,z-y-t,Olive,7,6,9.638,1.605,25.29,0.237,0.526,1,0.5,4,0.5
قسو,,,7,6,2.66,0.443,4.82,1.246,4.307,1,0.333,4,0.667
حرف,h-r-f,Distorted,6,6,1.936,0.322,1.79,3.35,5.015,1,0.167,4,0.833
برج,b-r-j,,7,6,5.259,0.876,22.56,0.266,3.155,1,0.5,4,0.5
لوح,l-w-h,Waved,6,6,9.814,1.635,34.51,0.174,1.264,0,1.0,4,0.333
نسك,n-s-k,Worshipped,7,6,3.171,0.528,1.95,3.072,3.842,2,0.5,4,0.5
ردي,r-d-a,overthrown,6,6,4.184,0.697,2.99,2.003,2.444,0,1.0,4,0.333
ثقف,th-q-f,Covetousness,6,6,3.408,0.568,5.28,1.136,3.825,1,0.5,0,0.5
حصر,h-s-r,restricted,6,6,2.584,0.43,3.21,1.872,5.171,1,0.167,4,0.833
خلط,kh-l-T,mixed,6,6,1.61,0.268,2.28,2.628,5.796,1,0.167,4,0.833
فيا,f-y-a,Return,7,6,2.645,0.441,2.51,2.386,5.154,1,0.333,4,0.667
رضع,r-d-3,Suckled,11,6,2.571,0.428,2.47,2.427,5.479,1,0.167,4,0.833
فرغ,f-r-gh,Poured out,6,6,7.635,1.272,11.86,0.506,1.804,1,0.5,1,0.5
حمر,h-m-r,Donkey,6,6,10.416,1.735,35.9,0.167,0.088,0,1.0,4,0.5
داب,d-a-b,Persevered,6,6,1.724,0.287,2.07,2.893,2.253,1,0.167,6,0.5
حسس,h-s-s,Sought information,6,6,9.438,1.572,21.02,0.285,0.989,0,1.0,4,0.333
درس,d-r-s,Studied,6,6,8.881,1.479,11.86,0.506,1.361,1,0.5,1,0.333
حبل,h-b-l,Rope,7,6,9.999,1.666,30.49,0.197,1.144,0,1.0,4,0.333
صرر,s-r-r,Creaked,6,6,3.757,0.626,6.83,0.879,2.911,0,1.0,4,0.333
كظم,k-z-m,,6,6,1.537,0.256,2.8,2.14,1.114,1,0.167,0,0.667
لحق,l-h-q,,6,6,3.631,0.605,10.73,0.559,3.233,1,0.5,4,0.5
خول,kh-w-l,Dependents,8,6,0.564,0.094,0.24,24.655,6.549,1,0.0,4,1.0
فخر,f-kh-r,Proud,6,6,4.125,0.687,12.42,0.483,2.703,0,1.0,4,0.333
سكر,s-k-r,Sugary,7,6,3.991,0.665,9.08,0.661,2.08,0,1.0,0,0.333
علق,3-l-q,He hung,7,6,9.546,1.59,26.01,0.231,1.423,1,0.333,4,0.667
حبر,h-b-r,,6,6,2.539,0.423,2.75,2.178,4.156,1,0.5,4,0.5
قصد,q-s-d,Intended,6,6,2.749,0.458,1.23,4.881,4.164,1,0.333,4,0.667
ذرا,dh-r-a,Created,6,6,3.644,0.607,7.66,0.783,3.946,1,0.5,4,0.5
حصد,h-s-d,Harvest,6,6,3.961,0.66,6.65,0.902,2.204,1,0.5,0,0.333
نكث,n-k-th,Undid,7,6,3.02,0.503,2.79,2.152,4.051,1,0.333,4,0.667
لحد,l-h-d,Refuge,6,6,3.083,0.514,6.57,0.913,2.474,1,0.5,6,0.5
شفي,sh-f-a,,6,6,9.137,1.522,28.85,0.208,0.501,0,1.0,4,0.333
غرم,gh-r-m,Jih,6,6,2.986,0.497,6.85,0.875,2.172,1,0.5,0,0.333
موج,m-w-j,Wave,7,6,3.736,0.622,5.52,1.087,3.998,1,0.333,4,0.667
ضيف,d-y-f,Host,6,6,12.66,2.109,25.57,0.235,4.02,0,1.0,2,0.333
قمص,q-m-s,Shirt,6,6,9.283,1.546,39.97,0.15,1.102,0,1.0,0,0.333
بضع,b-d-3,Cut,7,6,2.932,0.488,2.9,2.072,2.81,1,0.333,0,0.333
قنط,q-n-T,Despair,6,6,2.598,0.433,7.67,0.782,1.597,0,1.0,6,0.5
تسع,t-s-3,Nine,7,6,13.612,2.267,18.93,0.317,6.878,0,1.0,2,0.333
كهف,,,6,6,12.623,2.103,16.97,0.353,3.924,0,1.0,1,0.333
زور,z-w-r,Hump,6,6,4.096,0.682,5.8,1.034,3.394,1,0.5,4,0.5
فزع,f-z-3,Frightened,6,6,2.977,0.496,7.13,0.841,2.839,0,1.0,0,0.333
مرج,m-r-j,pasture,6,6,7.435,1.239,34.47,0.174,2.966,1,0.5,7,0.5
حطم,h-T-m,broke,6,6,9.908,1.65,43.25,0.139,0.42,1,0.5,4,0.5
طمس,T-m-s,,5,5,11.412,1.901,40.69,0.123,1.831,0,1.0,4,0.4
صفر,s-f-r,Yellow,5,5,5.036,0.839,12.97,0.386,2.123,0,1.0,4,0.4
عصر,3-s-r,Whirlwind,5,5,10.451,1.741,19.24,0.26,0.924,0,1.0,4,0.4
فوج,f-w-j,Group,5,5,2.524,0.42,5.71,0.876,1.202,0,1.0,0,0.4
برد,b-r-d,became cold,5,5,12.748,2.123,25.27,0.198,6.02,0,1.0,2,0.4
زجر,z-j-r,He chid him,6,5,2.445,0.407,1.96,2.548,0.702,0,1.0,7,0.6
نكل,n-k-l,To be discontented,5,5,4.059,0.676,12.43,0.402,1.284,0,1.0,1,0.2
عثو,3-th-w,,5,5,3.143,0.524,3.44,1.454,3.264,1,0.4,0,0.4
مصر,m-s-r,Egypt,5,5,10.783,1.796,13.44,0.372,1.322,1,0.4,4,0.6
قتر,q-t-r,Droplet,5,5,9.825,1.637,23.82,0.21,0.57,0,1.0,6,0.4
ثور,th-w-r,,5,5,10.493,1.748,50.18,0.1,0.737,1,0.4,4,0.6
درا,d-r-a,,5,5,2.058,0.343,3.03,1.649,2.781,1,0.4,0,0.6
كوكب,k-w-k-b,Summary,5,5,9.867,1.644,33.0,0.152,1.58,0,1.0,6,0.4
ارك,a-r-k,,5,5,11.543,1.923,17.28,0.289,5.527,0,1.0,0,0.4
حرص,h-r-s,Greediness,5,5,3.548,0.591,5.08,0.985,3.372,0,1.0,4,0.4
صدع,s-d-3,Splitting,5,5,9.932,1.654,39.73,0.126,2.497,0,1.0,0,0.2
مهل,m-h-l,Gentleness,6,5,10.016,1.668,43.45,0.115,2.159,0,1.0,0,0.2
حمي,h-m-a,Massive stone,6,5,12.903,2.149,5.46,0.916,3.308,1,0.4,4,0.6
جوع,j-w-3,,5,5,3.759,0.626,9.13,0.548,0.985,1,0.4,0,0.2
جلو,j-l-w,,5,5,5.472,0.911,6.39,0.782,2.131,0,1.0,4,0.4
خيب,kh-y-b,Failed,5,5,2.171,0.362,0.83,6.009,0.58,0,1.0,0,0.6
شتت,sh-t-t,various,5,5,4.977,0.829,8.63,0.579,3.486,0,1.0,4,0.6
سبط,s-b-T,,5,5,0.348,0.058,0.08,65.304,6.188,1,0.0,4,1.0
وسط,w-s-T,,5,5,10.263,1.71,19.47,0.257,0.478,0,1.0,4,0.4
خنزر,kh-n-z-r,,5,5,0.739,0.123,0.45,11.211,6.099,1,0.0,4,1.0
هلل,h-l-l,,5,5,0.708,0.118,0.23,21.962,6.265,1,0.0,4,1.0
ادي,a-d-a,Delivery,6,5,2.614,0.435,2.7,1.852,4.983,1,0.2,4,0.8
كمل,k-m-l,Complete,5,5,2.398,0.4,1.61,3.111,5.566,1,0.2,4,0.8
عنت,3-n-t,Fell into hardship,5,5,2.291,0.382,1.08,4.626,5.357,1,0.2,4,0.8
بعل,b-3-l,married,7,5,11.061,1.843,24.64,0.203,0.943,1,0.4,4,0.6
سرح,s-r-h,Dismissed,7,5,10.166,1.693,12.4,0.403,1.592,1,0.2,4,0.6
كسو,k-s-w,,5,5,2.479,0.413,2.7,1.852,5.626,1,0.2,4,0.8
غرف,gh-r-f,towards,7,5,1.829,0.305,0.69,7.275,4.625,1,0.4,4,0.4
جوز,j-w-z,,5,5,3.331,0.555,4.58,1.092,4.463,1,0.4,4,0.6
خوي,kh-w-a,Calamity,5,5,4.013,0.668,7.0,0.715,3.312,0,1.0,4,0.4
لوي,l-w-a,,5,5,1.725,0.287,1.59,3.149,5.309,1,0.2,4,0.8
نقذ,n-q-dh,Rescued,5,5,3.854,0.642,5.57,0.898,3.268,0,1.0,4,0.4
بغض,b-gh-d,Detestability,5,5,0.794,0.132,0.5,9.926,6.205,1,0.0,4,1.0
رعب,r-3-b,to fear,5,5,1.901,0.317,1.79,2.792,5.109,1,0.2,4,0.8
فوت,f-w-t,Loss,5,5,3.298,0.549,7.41,0.675,3.312,0,1.0,4,0.4
لين,l-y-n,Tender,5,5,4.174,0.695,8.44,0.592,2.694,0,1.0,4,0.4
ربط,r-b-T,Tied,5,5,3.468,0.578,6.59,0.759,3.946,0,1.0,1,0.4
سدد,s-d-d,Closed,6,5,9.524,1.586,23.48,0.213,1.646,0,1.0,0,0.2
مقت,m-q-t,to disdain,6,5,3.222,0.537,3.46,1.445,3.205,0,1.0,4,0.4
لمس,l-m-s,to seek,5,5,4.348,0.724,5.13,0.974,3.909,1,0.4,4,0.6
رفق,r-f-q,Elbow rest,5,5,1.263,0.21,1.09,4.584,5.705,1,0.0,4,1.0
مرد,m-r-d,soaked,5,5,3.958,0.659,1.93,2.593,2.984,0,1.0,4,0.4
حيص,h-y-s,Refuge,5,5,3.283,0.547,4.38,1.142,1.985,0,1.0,0,0.6
صيد,s-y-d,Child,6,5,0.978,0.163,0.65,7.7,6.011,1,0.0,4,1.0
شرع,sh-r-3,Legislated,5,5,2.733,0.455,0.81,6.181,4.909,1,0.2,4,0.8
ميد,m-y-d,Table,5,5,4.377,0.729,12.48,0.401,4.094,0,1.0,4,0.4
بلس,b-l-s,,5,5,3.071,0.512,3.96,1.261,1.058,1,0.4,0,0.4
صنم,s-n-m,,5,5,3.172,0.528,7.11,0.703,1.477,1,0.4,1,0.4
فرد,f-r-d,Single,5,5,10.748,1.79,33.05,0.151,1.238,0,1.0,4,0.4
خرص,kh-r-s,,5,5,4.215,0.702,7.35,0.68,2.501,0,1.0,4,0.4
شرح,sh-r-h,explained,5,5,10.243,1.706,28.5,0.175,0.457,1,0.4,4,0.6
وسوس,,,5,5,10.461,1.743,29.82,0.168,2.534,0,1.0,7,0.4
جثم,j-th-m,,5,5,1.427,0.238,0.6,8.331,2.41,1,0.2,0,0.8
اسف,a-s-f,Grieved,5,5,4.064,0.677,6.27,0.797,2.962,0,1.0,4,0.4
حوت,h-w-t,Fish,5,5,10.569,1.761,36.97,0.135,0.606,0,1.0,4,0.4
وجل,,,5,5,2.459,0.41,3.03,1.65,2.009,0,1.0,1,0.4
مضي,m-d-a,Advanced,5,5,8.416,1.402,15.87,0.315,2.868,0,1.0,6,0.4
قصو,,,5,5,10.596,1.765,7.49,0.667,0.7,1,0.4,4,0.6
ذمم,dh-m-m,Blameworthy,5,5,3.211,0.535,7.9,0.633,2.132,0,1.0,6,0.4
وطا,w-T-a,,6,5,3.174,0.529,2.05,2.433,4.257,1,0.4,4,0.6
لزم,l-z-m,Most preservative,5,5,4.032,0.672,10.5,0.476,2.971,0,1.0,4,0.4
عصب,3-s-b,faction,5,5,3.709,0.618,4.98,1.003,2.808,1,0.4,1,0.6
قدد,q-d-d,indeed,5,5,3.696,0.616,11.86,0.422,2.453,0,1.0,0,0.4
قرع,q-r-3,competed,5,5,12.73,2.121,49.6,0.101,5.487,0,1.0,5,0.4
بور,b-w-r,bad,5,5,2.254,0.375,1.08,4.633,4.072,1,0.4,4,0.6
قطر,q-T-r,To drip,5,5,3.154,0.525,7.43,0.673,3.283,0,1.0,0,0.4
شهب,sh-h-b,Star,5,5,2.354,0.392,3.99,1.252,0.2,0,1.0,0,0.4
زني,z-n-a,fornicator,9,5,2.955,0.492,2.04,2.447,4.121,1,0.4,4,0.6
صوت,s-w-t,Swiftly,8,5,3.06,0.51,3.48,1.436,3.498,0,1.0,4,0.4
حصب,h-s-b,Pelter,5,5,3.017,0.503,7.03,0.711,1.919,1,0.4,6,0.4
كسف,k-s-f,,5,5,3.935,0.655,4.02,1.244,2.372,1,0.4,4,0.4
هزز,h-z-z,Shake,5,5,1.702,0.283,1.72,2.913,5.511,1,0.2,4,0.8
وزع,w-z-3,,5,5,4.78,0.796,13.15,0.38,3.015,0,1.0,4,0.4
كوب,k-w-b,,4,4,1.496,0.249,0.52,7.645,1.367,1,0.25,0,0.5
مهن,m-h-n,Contemptible,4,4,1.145,0.191,0.61,6.581,0.953,1,0.25,1,0.5
هنا,h-n-a,,4,4,12.025,2.003,7.22,0.554,8.291,0,1.0,0,0.5
سرج,s-r-j,Lamp,4,4,3.171,0.528,4.97,0.805,1.344,0,1.0,0,0.25
سرب,s-r-b,Mirage,4,4,4.439,0.739,6.95,0.575,1.676,0,1.0,0,0.25
غسق,gh-s-q,ichor,4,4,1.98,0.33,1.28,3.133,1.665,1,0.25,7,0.75
وفق,w-f-q,Success,4,4,11.785,1.963,8.06,0.496,0.78,0,1.0,4,0.5
زلل,z-l-l,to make smooth,4,4,2.575,0.429,0.46,8.755,4.634,1,0.25,4,0.75
كعب,k-3-b,Rudeness,4,4,11.666,1.943,12.51,0.32,1.186,1,0.25,4,0.75
طوي,T-w-a,wallet,5,4,3.991,0.665,9.19,0.435,1.428,0,1.0,3,0.5
صبب,s-b-b,Poured,5,4,1.987,0.331,0.73,5.508,1.479,1,0.25,0,0.25
خسا,kh-s-a,despicable,4,4,1.212,0.202,0.89,4.503,0.725,1,0.25,0,0.5
شان,sh-a-n,Affair,4,4,4.652,0.775,7.72,0.518,3.066,0,1.0,4,0.5
قفو,q-f-w,cure,5,4,3.36,0.56,0.24,16.58,5.077,1,0.25,4,0.75
ثبر,th-b-r,He drew it,5,4,9.604,1.6,15.61,0.256,3.302,0,1.0,0,0.5
وعي,w-3-a,receptacle,7,4,14.776,2.461,35.1,0.114,6.469,0,1.0,2,0.25
مجد,m-j-d,Glorious,4,4,11.228,1.87,3.07,1.304,7.978,0,1.0,5,0.5
خصص,kh-s-s,Particular,4,4,2.715,0.452,3.28,1.219,3.898,0,1.0,4,0.5
نسخ,n-s-kh,,4,4,3.723,0.62,6.97,0.574,2.52,0,1.0,6,0.5
حسد,h-s-d,envied,5,4,4.274,0.712,1.33,3.001,3.715,1,0.25,4,0.75
هات,,,4,4,3.596,0.599,8.42,0.475,3.018,0,1.0,0,0.25
سمن,s-m-n,Fat,4,4,13.224,2.203,31.77,0.126,1.344,0,1.0,4,0.5
بدع,b-d-3,Innovative,4,4,3.547,0.591,1.04,3.838,3.694,0,1.0,4,0.5
لمم,l-m-m,not,4,4,4.291,0.715,3.1,1.292,3.164,0,1.0,4,0.5
دكك,d-k-k,Crushed,7,4,4.697,0.782,4.96,0.807,1.771,0,1.0,3,0.25
خطو,kh-T-w,,5,4,2.299,0.383,0.61,6.546,3.155,1,0.25,6,0.75
طوق,T-w-q,He has the ability.,4,4,0.595,0.099,0.15,27.076,6.104,1,0.0,4,1.0
نسل,n-s-l,Progeny,4,4,2.547,0.424,3.99,1.002,0.277,0,1.0,1,0.5
زلزل,,,6,4,14.088,2.347,27.97,0.143,6.998,0,1.0,2,0.25
شور,sh-w-r,shore trees,4,4,4.115,0.686,3.82,1.048,3.832,0,1.0,0,0.5
نشز,n-sh-z,,5,4,0.773,0.129,0.28,14.063,6.622,1,0.0,4,1.0
سنبل,s-n-b-l,Ear of grain,5,4,2.511,0.418,0.44,9.09,5.142,1,0.25,4,0.75
عفف,3-f-f,Abstinence,4,4,0.737,0.123,0.31,13.061,6.455,1,0.0,4,1.0
امد,a-m-d,term,4,4,3.979,0.663,4.35,0.919,2.96,0,1.0,4,0.5
قلم,q-l-m,PEN,4,4,12.444,2.073,32.69,0.122,1.804,0,1.0,4,0.5
هيا,h-y-a,,4,4,3.542,0.59,3.39,1.182,4.859,1,0.25,4,0.75
فشل,f-sh-l,Failed,4,4,3.126,0.521,1.51,2.643,3.867,0,1.0,4,0.5
فور,f-w-r,Boil,4,4,12.554,2.091,27.73,0.144,1.266,0,1.0,4,0.5
سخط,s-kh-T,Displeased,4,4,1.658,0.276,1.65,2.427,2.041,1,0.25,6,0.5
ميز,m-y-z,Distinguished,4,4,4.416,0.736,1.04,3.852,2.91,0,1.0,4,0.5
سدس,s-d-s,Sixth,5,4,0.945,0.157,0.23,17.134,6.471,1,0.0,4,1.0
سفح,s-f-h,Wide,4,4,0.642,0.107,0.18,22.494,6.633,1,0.0,4,1.0
غسل,gh-s-l,Wash,4,4,13.343,2.223,38.77,0.103,1.214,0,1.0,4,0.5
شحح,sh-h-h,scantiness,5,4,2.244,0.374,1.12,3.568,5.388,0,1.0,4,0.75
قلد,q-l-d,Twisted rope,4,4,3.376,0.562,6.04,0.662,4.493,0,1.0,4,0.5
جرح,j-r-h,,4,4,1.887,0.314,1.93,2.067,5.191,1,0.25,4,0.75
كلب,k-l-b,Skin,6,4,0.485,0.081,0.12,32.437,6.207,1,0.0,4,1.0
سحت,s-h-t,Illegitimate gain,4,4,3.235,0.539,4.33,0.924,2.42,0,1.0,0,0.5
درر,d-r-r,Bountiful,4,4,4.534,0.755,5.75,0.695,3.982,0,1.0,4,0.75
وقف,w-q-f,Stopped,4,4,4.029,0.671,4.61,0.868,2.11,0,1.0,4,0.5
طرد,T-r-d,Expel,5,4,11.885,1.98,15.56,0.257,0.937,0,1.0,4,0.5
ورق,w-r-q,Silver,4,4,2.147,0.358,1.13,3.535,5.328,1,0.25,4,0.75
يبس,y-b-s,Dry,4,4,3.002,0.5,0.53,7.577,4.764,1,0.25,4,0.75
كرب,k-r-b,Jalsad,4,4,1.657,0.276,0.42,9.539,0.686,1,0.25,1,0.75
غمر,gh-m-r,Flood,4,4,4.011,0.668,0.47,8.527,1.143,1,0.25,0,0.5
فلق,f-l-q,Splitter,4,4,2.174,0.362,2.61,1.535,1.4,0,1.0,6,0.75
ودع,w-d-3,Depository,4,4,3.243,0.54,7.06,0.567,1.098,0,1.0,6,0.5
زخرف,z-kh-r-f,Adornment,4,4,2.555,0.426,2.3,1.739,5.054,1,0.25,4,0.75
قرف,q-r-f,,5,4,3.447,0.574,1.96,2.041,3.768,0,1.0,0,0.5
دحر,d-h-r,Driven away,4,4,9.693,1.615,21.51,0.186,3.465,0,1.0,6,0.75
سمم,s-m-m,Simoom,4,4,11.347,1.89,33.12,0.121,2.752,0,1.0,3,0.5
نحت,n-h-t,,4,4,11.588,1.93,6.56,0.61,11.14,1,0.25,2,0.5
تبر,t-b-r,perished,6,4,4.146,0.691,8.2,0.488,2.241,0,1.0,0,0.25
جسد,j-s-d,,4,4,3.711,0.618,4.59,0.872,1.965,1,0.25,1,0.5
نزغ,,,6,4,2.387,0.398,1.23,3.262,3.307,1,0.25,6,0.5
غوث,gh-w-th,,5,4,3.242,0.54,2.42,1.653,4.92,1,0.25,4,0.75
رحب,r-h-b,Welcome,4,4,3.766,0.627,2.88,1.39,3.844,0,1.0,4,0.5
غور,gh-w-r,Alight,4,4,11.75,1.957,21.58,0.185,2.545,0,1.0,0,0.5
زهق,z-h-q,Vanquished,5,4,2.785,0.464,3.67,1.089,1.547,0,1.0,6,0.5
لمز,l-m-z,Slandered,4,4,4.711,0.785,3.04,1.318,2.809,0,1.0,4,0.5
جدر,j-d-r,,4,4,2.286,0.381,0.18,22.833,5.225,1,0.25,4,0.75
رذل,r-dh-l,Vile,4,4,3.694,0.615,5.02,0.797,4.608,0,1.0,4,0.5
نصي,n-s-a,Forelock,4,4,9.199,1.532,15.92,0.251,4.183,0,1.0,0,0.25
شيخ,sh-y-kh,Sheikh,4,4,4.57,0.761,10.27,0.39,3.227,0,1.0,1,0.5
ذرع,dh-r-3,Arm,5,4,4.87,0.811,7.75,0.516,2.656,0,1.0,4,0.5
ركن,r-k-n,Corner,4,4,1.937,0.323,1.51,2.651,0.722,1,0.25,0,0.5
سجل,s-j-l,large bucket,4,4,1.346,0.224,0.61,6.56,1.106,1,0.25,1,0.75
سول,s-w-l,Petition,4,4,2.854,0.475,4.25,0.942,2.734,0,1.0,6,0.5
غيث,gh-y-th,groped,4,4,3.862,0.643,6.33,0.632,3.832,0,1.0,0,0.5
بول,b-w-l,urinated,4,4,14.87,2.477,11.94,0.335,5.781,0,1.0,5,0.5
رحل,r-h-l,Saddle,4,4,1.825,0.304,1.07,3.748,0.636,1,0.25,6,0.5
صرخ,s-r-kh,Screamer,5,4,3.523,0.587,0.24,16.335,4.308,1,0.25,4,0.75
صلصل,,,4,4,2.29,0.381,2.69,1.486,0.779,0,1.0,3,0.5
حما,h-m-a,Mud,4,4,4.389,0.731,11.3,0.354,1.679,0,1.0,1,0.25
خفض,kh-f-d,Reducing,4,4,2.285,0.381,1.45,2.763,1.065,0,1.0,6,0.5
سقف,s-q-f,roofed,4,4,4.212,0.702,9.75,0.41,0.718,0,1.0,1,0.5
دخر,d-kh-r,,4,4,10.987,1.83,31.93,0.125,2.457,0,1.0,6,0.75
عتب,3-t-b,,5,4,2.533,0.422,0.93,4.31,2.89,1,0.25,0,0.75
نفد,n-f-d,Exhausted,5,4,3.701,0.617,4.06,0.985,2.237,0,1.0,6,0.5
دحض,d-h-d,Null,4,4,11.731,1.954,13.59,0.294,1.451,0,1.0,4,0.5
سمر,s-m-r,Samirian,4,4,11.609,1.934,28.17,0.142,3.425,0,1.0,1,0.25
طفل,T-f-l,softened,4,4,1.155,0.192,0.79,5.064,6.355,0,1.0,4,1.0
عقم,3-q-m,Barren,4,4,2.514,0.419,4.18,0.957,0.224,0,1.0,0,0.75
دهن,d-h-n,to anoint,5,4,1.499,0.25,0.37,10.679,1.504,1,0.0,7,0.5
لجج,l-j-j,Persisted,4,4,4.003,0.667,5.16,0.776,3.698,0,1.0,4,0.5
غضض,gh-d-d,,4,4,3.358,0.559,2.46,1.627,3.359,0,1.0,6,0.75
سدر,s-d-r,Dazzled,4,4,10.501,1.749,26.41,0.151,3.995,0,1.0,7,0.5
مزج,m-z-j,Mixing,3,3,11.979,1.995,2.12,1.417,10.998,0,1.0,0,0.333
نثر,n-th-r,,3,3,11.064,1.843,11.51,0.261,5.607,0,1.0,0,0.333
خدع,kh-d-3,Deception,5,3,2.581,0.43,2.88,1.043,2.777,0,1.0,6,0.667
نسف,n-s-f,,5,3,15.002,2.499,14.81,0.203,3.298,0,1.0,0,0.333
فرت,f-r-t,Sweet water,3,3,4.422,0.737,0.01,204.613,2.473,0,1.0,1,0.333
لهب,l-h-b,thirsted,3,3,10.474,1.745,1.72,1.744,6.201,0,1.0,3,0.333
وتد,w-t-d,,3,3,11.841,1.972,0.72,4.191,10.257,0,1.0,5,0.667
لفف,l-f-f,Lock of hair,3,3,10.631,1.771,0.52,5.8,7.237,0,1.0,7,0.667
رغد,r-gh-d,Plentiful,3,3,3.774,0.629,1.64,1.833,4.412,0,1.0,4,0.667
حدق,h-d-q,,3,3,14.786,2.463,0.44,6.774,8.695,0,1.0,5,0.667
ردف,r-d-f,The Second Blast,3,3,2.323,0.387,0.93,3.232,1.228,0,1.0,0,0.333
سلو,s-l-w,Quail,3,3,1.078,0.18,0.04,69.514,5.643,0,1.0,4,1.0
عبس,3-b-s,Frowned,3,3,1.962,0.327,0.17,17.893,1.778,0,1.0,7,0.667
صبا,s-b-a,,3,3,0.387,0.064,0.03,100.705,5.297,1,0.0,4,1.0
قرد,q-r-d,Submissive,3,3,3.544,0.59,0.23,12.777,2.226,0,1.0,1,0.667
سجر,s-j-r,Filled,3,3,12.763,2.126,28.64,0.105,5.362,0,1.0,0,0.333
افق,a-f-q,Departed,3,3,14.105,2.35,0.43,6.899,9.414,0,1.0,5,0.667
رقم,r-q-m,Written,3,3,2.555,0.426,0.01,211.104,1.698,0,1.0,7,0.667
نضر,n-d-r,Beauty,3,3,2.369,0.395,0.47,6.384,1.617,0,1.0,7,0.667
طبق,T-b-q,Dish,4,3,2.669,0.445,0.48,6.213,2.174,0,1.0,3,0.333
ابل,a-b-l,skilled in management,3,3,15.792,2.631,5.72,0.524,8.757,0,1.0,2,0.667
وتر,w-t-r,Odd number,3,3,5.494,0.915,3.08,0.974,1.671,0,1.0,4,0.333
صخر,s-kh-r,Rock,3,3,4.778,0.796,0.33,9.103,3.693,0,1.0,4,0.667
حضض,h-d-d,,3,3,0.066,0.011,0.0,3164.657,2.022,1,0.0,7,1.0
وصد,w-s-d,,3,3,5.323,0.887,0.76,3.938,1.089,0,1.0,7,0.667
شطر,sh-T-r,To split,5,3,3.189,0.531,0.12,24.332,4.461,0,1.0,4,0.667
لفو,l-f-w,,3,3,4.535,0.755,1.23,2.44,3.837,0,1.0,4,0.667
دلو,d-l-w,Bucket,4,3,4.91,0.818,0.07,44.128,1.58,0,1.0,4,0.333
حلق,h-l-q,Gathered,3,3,15.395,2.564,4.36,0.688,1.663,0,1.0,4,0.667
هزم,h-z-m,Hollow,3,3,5.579,0.929,1.22,2.465,1.323,0,1.0,3,0.333
عرو,3-r-w,A fastening,3,3,3.75,0.625,3.63,0.826,2.953,0,1.0,1,0.333
جزا,j-z-a,,3,3,4.914,0.819,2.67,1.122,2.337,0,1.0,0,0.667
سام,s-a-m,,3,3,4.882,0.813,0.78,3.842,2.879,0,1.0,6,0.667
رهن,r-h-n,Pledged,3,3,5.216,0.869,1.77,1.695,3.181,0,1.0,4,0.667
اصر,a-s-r,Bond,3,3,0.421,0.07,0.03,88.676,5.982,1,0.0,4,1.0
قنطر,q-n-T-r,Quintal,4,3,0.66,0.11,0.06,49.396,6.035,1,0.0,4,1.0
ضجع,d-j-3,,3,3,2.594,0.432,1.34,2.24,5.666,0,1.0,4,0.667
خذل,kh-dh-l,Desolated,3,3,1.061,0.177,0.47,6.376,2.215,1,0.0,6,1.0
عمم,3-m-m,About,5,3,0.047,0.008,0.0,4881.303,6.878,1,0.0,4,1.0
ميل,m-y-l,Mile,6,3,3.584,0.597,1.5,2.002,5.209,0,1.0,4,0.667
مسح,m-s-h,I wipe.,4,3,5.721,0.953,0.63,4.797,3.907,0,1.0,4,0.667
فتل,f-t-l,Twisted,3,3,2.95,0.491,0.44,6.791,4.486,0,1.0,4,0.667
نقر,n-q-r,hollowed,4,3,3.643,0.607,0.87,3.443,1.179,0,1.0,0,0.333
حرض,h-r-d,To be corrupted,3,3,3.468,0.578,0.35,8.622,4.426,0,1.0,4,0.667
بهم,b-h-m,Beast,3,3,0.332,0.055,0.01,278.706,5.673,1,0.0,4,1.0
شنا,sh-n-a,Hater,3,3,5.291,0.881,0.06,53.788,3.868,0,1.0,4,0.667
نقب,n-q-b,Pierced,3,3,15.855,2.641,1.63,1.835,3.966,0,1.0,1,0.333
عزر,3-z-r,,3,3,3.343,0.557,0.28,10.783,4.794,0,1.0,4,0.667
فتر,f-t-r,Languid,3,3,3.998,0.666,0.57,5.237,1.603,0,1.0,0,0.667
طفا,T-f-a,,3,3,3.316,0.552,0.08,36.416,3.354,0,1.0,6,0.667
ناي,n-a-a,,3,3,1.18,0.197,0.03,113.457,1.062,0,1.0,1,0.667
صدف,s-d-f,Shell,5,3,1.236,0.206,0.61,4.95,5.447,1,0.0,4,1.0
افل,a-f-l,set,4,3,0.323,0.054,0.02,125.226,2.407,1,0.0,6,1.0
رمن,r-m-n,Pomegranate,3,3,4.819,0.803,0.19,15.509,3.779,0,1.0,4,0.667
خرق,kh-r-q,Hole,4,3,2.323,0.387,1.98,1.517,1.778,0,1.0,6,0.667
طفق,T-f-q,,3,3,5.368,0.894,2.07,1.451,2.532,0,1.0,0,0.333
طلب,T-l-b,requested,4,3,15.773,2.627,9.88,0.304,1.69,0,1.0,4,0.667
لقف,l-q-f,,3,3,12.323,2.053,0.8,3.74,11.406,0,1.0,2,0.667
سلخ,s-l-kh,,3,3,3.878,0.646,1.74,1.729,2.876,0,1.0,0,0.333
متن,m-t-n,Strong,3,3,2.426,0.404,0.03,99.898,1.439,0,1.0,7,0.667
حفو,h-f-w,Barefoot,3,3,16.003,2.666,24.06,0.125,2.656,0,1.0,2,0.333
نفل,n-f-l,Supererogatory,4,3,15.071,2.51,21.98,0.136,3.683,0,1.0,6,0.667
ركم,r-k-m,Accumulation,3,3,4.038,0.673,2.25,1.33,3.874,0,1.0,4,0.667
سيح,s-y-h,Flowed,3,3,3.09,0.515,0.44,6.881,4.461,0,1.0,4,0.667
لجا,l-j-a,Sanctuary,3,3,4.404,0.734,4.0,0.751,2.825,0,1.0,0,0.333
ظما,z-m-a,Drought,3,3,4.694,0.782,0.18,16.904,3.767,0,1.0,4,0.667
لفت,l-f-t,looked around,3,3,4.692,0.782,6.31,0.476,2.58,0,1.0,1,0.333
خبت,kh-b-t,humble,3,3,1.529,0.255,0.02,137.339,4.845,0,1.0,4,0.667
وجس,w-j-s,,3,3,2.391,0.398,1.37,2.185,0.697,0,1.0,0,0.333
نضد,n-d-d,layered,3,3,2.698,0.449,2.17,1.381,1.24,0,1.0,1,0.333
رهط,r-h-T,Group,3,3,15.386,2.563,30.08,0.1,3.783,0,1.0,2,0.333
تبب,t-b-b,Distress,4,3,5.778,0.962,3.87,0.776,3.557,0,1.0,4,0.667
زفر,z-f-r,Calamity,3,3,13.201,2.199,12.38,0.242,4.971,0,1.0,0,0.667
ذاب,dh-a-b,frightened,3,3,2.636,0.439,1.1,2.725,2.668,0,1.0,0,0.333
صبو,s-b-w,Boy,3,3,2.133,0.355,1.75,1.711,1.178,0,1.0,0,0.333
ضغث,d-gh-th,Confusion,3,3,12.661,2.109,4.33,0.693,5.197,0,1.0,6,0.667
حوج,h-w-j,Need,3,3,15.867,2.643,7.89,0.38,2.499,0,1.0,4,0.667
عير,3-y-r,Ass,3,3,1.51,0.252,0.08,36.571,0.851,0,1.0,0,0.333
فقد,f-q-d,,3,3,1.285,0.214,0.3,9.976,0.344,0,1.0,0,0.667
برح,b-r-h,more distressing,3,3,4.107,0.684,1.12,2.683,2.582,0,1.0,0,0.333
شكو,sh-k-w,complained,3,3,3.575,0.596,1.76,1.704,3.306,0,1.0,6,0.667
زجو,z-j-w,scanty,3,3,3.141,0.523,3.14,0.956,4.727,0,1.0,4,0.667
سيل,s-y-l,to flow,4,3,1.383,0.23,0.07,41.406,5.742,0,1.0,4,1.0
محو,m-h-w,,3,3,3.884,0.647,2.9,1.034,3.851,0,1.0,4,0.667
سوغ,s-w-gh,Swallowable,3,3,3.532,0.588,3.43,0.875,2.928,0,1.0,6,0.667
هطع,,,3,3,1.046,0.174,0.08,36.5,1.082,1,0.0,0,1.0
زول,z-w-l,to pass away,4,3,3.537,0.589,3.83,0.783,3.401,0,1.0,0,0.333
جار,j-a-r,,3,3,1.841,0.307,1.23,2.437,0.949,0,1.0,0,0.333
عجم,3-j-m,Non-Arabic,4,3,4.592,0.765,0.02,136.655,2.248,0,1.0,1,0.667
افف,a-f-f,Disgust,3,3,3.815,0.635,0.54,5.515,4.431,0,1.0,4,0.667
مرح,m-r-h,leakage,3,3,0.775,0.129,0.06,46.952,1.803,1,0.0,6,0.667
ستر,s-t-r,Veiled,3,3,3.797,0.632,0.92,3.251,1.864,0,1.0,1,0.667
فزز,f-z-z,,3,3,4.565,0.76,0.61,4.909,2.271,0,1.0,0,0.667
رقي,r-q-a,Ascend,4,3,15.055,2.508,35.37,0.085,2.751,0,1.0,4,0.333
ذقن,dh-q-n,,3,3,1.612,0.268,0.68,4.43,0.57,0,1.0,0,0.333
خفت,kh-f-t,,3,3,14.589,2.43,6.66,0.451,3.863,0,1.0,0,0.333
شطط,sh-T-T,Exceeding bounds,3,3,4.158,0.693,0.43,6.958,3.577,0,1.0,1,0.667
سفن,s-f-n,Ship,4,3,1.136,0.189,0.27,10.994,0.685,1,0.0,0,0.333
شيب,sh-y-b,Gray hair,3,3,3.846,0.641,1.79,1.675,2.574,0,1.0,0,0.333
جذع,j-dh-3,,3,3,3.557,0.593,1.79,1.673,3.672,0,1.0,0,0.333
جثو,j-th-w,,3,3,2.222,0.37,0.82,3.651,0.304,0,1.0,1,0.667
قبس,q-b-s,Live coal,3,3,2.831,0.472,0.18,16.639,3.654,0,1.0,6,0.667
عري,3-r-a,Nakedness,3,3,12.024,2.003,4.98,0.603,5.443,0,1.0,1,0.333
ركض,r-k-d,,3,3,11.689,1.947,1.69,1.77,5.52,0,1.0,0,0.667
فجج,f-j-j,Wide apart,3,3,2.131,0.355,1.97,1.526,0.437,0,1.0,1,0.333
نكس,n-k-s,to lower,3,3,3.7,0.616,1.21,2.484,1.587,0,1.0,1,0.667
بهج,b-h-j,Beautiful,3,3,5.552,0.925,5.52,0.544,3.993,0,1.0,4,0.667
وثن,w-th-n,,3,3,0.416,0.069,0.06,50.163,5.878,1,0.0,4,1.0
سلل,s-l-l,,3,3,5.189,0.864,5.01,0.599,1.378,0,1.0,1,0.667
همز,h-m-z,Backbiter,3,3,1.799,0.3,0.28,10.534,1.802,0,1.0,7,0.667
نسب,n-s-b,Relation,3,3,3.342,0.557,2.51,1.197,0.56,0,1.0,0,0.333
جيب,j-y-b,,3,3,0.882,0.147,0.14,22.067,6.319,1,0.0,4,1.0
عور,3-w-r,Pudenda,4,3,0.738,0.123,0.0,1538.284,6.6,1,0.0,4,1.0
اجج,a-j-j,bitter,3,3,15.367,2.56,7.87,0.381,3.19,0,1.0,2,0.333
شحن,sh-h-n,Loaded,3,3,10.955,1.825,8.87,0.338,5.93,0,1.0,1,0.333
صرح,s-r-h,Declared,4,3,4.455,0.742,2.49,1.205,4.41,0,1.0,4,0.667
جدث,j-d-th,,3,3,1.468,0.245,0.3,9.941,0.389,0,1.0,0,0.667
لذذ,l-dh-dh,Pleasure,3,3,5.318,0.886,3.26,0.921,1.731,0,1.0,0,0.333
زقم,z-q-m,Zaqqum,3,3,2.066,0.344,0.61,4.951,1.275,0,1.0,7,0.667
روغ,r-w-gh,Deceive,3,3,0.618,0.103,0.09,32.981,17.085,1,0.0,2,0.667
سلسل,,,3,3,0.885,0.147,0.26,11.43,0.647,1,0.0,0,0.667
صرصر,,,3,3,4.427,0.737,5.93,0.505,1.579,0,1.0,0,0.333
نحس,n-h-s,Unlucky,3,3,4.257,0.709,5.46,0.55,1.715,0,1.0,1,0.333
ثلل,th-l-l,Drawn blood,3,3,0.044,0.007,0.0,98457.499,1.931,1,0.0,7,1.0
صرم,s-r-m,Severed,3,3,12.095,2.015,25.06,0.12,6.262,0,1.0,1,0.333
