surah,name,n_ayahs,mean_len,cohesion,umap_x,umap_y
1,Al-Fatihah,7,4.1,0.9719,13.836,2.812
2,Al-Baqarah,286,21.4,0.9595,16.701,1.008
3,Aal-Imran,200,17.4,0.9618,16.617,1.353
4,An-Nisa,176,21.3,0.9602,17.29,1.011
5,Al-Maidah,120,23.4,0.9623,17.654,0.678
6,Al-Anam,165,18.5,0.9602,16.357,1.183
7,Al-Araf,206,16.1,0.9548,14.664,0.949
8,Al-Anfal,75,16.4,0.965,16.642,1.328
9,At-Tawbah,129,19.4,0.9609,16.916,0.898
10,Yunus,109,16.8,0.9587,15.531,1.173
11,Hud,123,15.6,0.9603,15.824,1.269
12,Yusuf,111,16.0,0.9557,14.748,1.032
13,Ar-Rad,43,19.8,0.9623,17.14,1.258
14,Ibrahim,52,16.0,0.9619,16.118,1.615
15,Al-Hijr,99,6.6,0.9588,11.114,1.769
16,An-Nahl,128,14.4,0.9622,15.389,1.638
17,Al-Isra,111,14.0,0.9566,14.706,1.375
18,Al-Kahf,110,14.4,0.9525,14.046,1.223
19,Maryam,98,9.8,0.9569,12.801,1.897
20,Ta-Ha,135,9.9,0.9507,11.343,1.864
21,Al-Anbiya,112,10.4,0.9568,12.006,1.402
22,Al-Hajj,78,16.3,0.9602,15.943,1.553
23,Al-Muminun,118,8.9,0.9573,12.294,1.497
24,An-Nur,64,20.6,0.9591,16.671,1.159
25,Al-Furqan,77,11.6,0.9584,14.586,1.34
26,Ash-Shuara,227,5.8,0.9563,10.529,2.011
27,An-Naml,93,12.4,0.9548,13.019,1.656
28,Al-Qasas,88,16.2,0.9567,15.521,1.017
29,Al-Ankabut,69,14.1,0.9609,15.402,1.301
30,Ar-Rum,60,13.6,0.9585,15.299,1.76
31,Luqman,34,16.1,0.9578,15.979,1.837
32,As-Sajdah,30,12.4,0.9575,14.341,1.674
33,Al-Ahzab,73,17.6,0.9605,16.27,1.29
34,Saba,54,16.4,0.9602,15.49,1.164
35,Fatir,45,17.2,0.9557,15.766,1.409
36,Ya-Sin,83,8.7,0.9582,11.658,1.607
37,As-Saffat,182,4.7,0.9548,8.13,1.978
38,Sad,88,8.3,0.9558,11.585,1.658
39,Az-Zumar,75,15.6,0.9616,16.239,1.37
40,Ghafir,85,14.3,0.958,15.159,1.433
41,Fussilat,54,14.7,0.9586,15.726,1.162
42,Ash-Shura,53,16.2,0.9565,15.875,1.908
43,Az-Zukhruf,89,9.3,0.9599,13.259,1.442
44,Ad-Dukhan,59,5.9,0.9565,10.206,2.061
45,Al-Jathiyah,37,13.2,0.9613,15.294,1.918
46,Al-Ahqaf,35,18.4,0.9597,16.502,0.897
47,Muhammad,38,14.2,0.9623,14.969,1.318
48,Al-Fath,29,19.3,0.9616,17.183,1.299
49,Al-Hujurat,18,19.3,0.9693,17.453,1.361
50,Qaf,45,8.3,0.959,11.534,1.555
51,Adh-Dhariyat,60,6.0,0.9571,10.218,1.974
52,At-Tur,49,6.4,0.9539,9.922,1.867
53,An-Najm,62,5.8,0.9555,8.566,2.568
54,Al-Qamar,55,6.2,0.9579,11.126,1.144
55,Ar-Rahman,78,4.5,0.964,15.249,3.238
56,Al-Waqiah,96,3.9,0.9573,8.379,2.25
57,Al-Hadid,29,19.8,0.9613,17.159,1.692
58,Al-Mujadila,22,21.5,0.9676,17.45,0.916
59,Al-Hashr,24,18.5,0.9642,17.003,1.194
60,Al-Mumtahanah,13,26.8,0.9709,17.845,1.052
61,As-Saff,14,15.8,0.9638,16.274,1.287
62,Al-Jumuah,11,15.9,0.9642,16.623,1.779
63,Al-Munafiqun,11,16.4,0.9721,17.172,1.174
64,At-Taghabun,18,13.4,0.9686,16.122,2.067
65,At-Talaq,12,23.9,0.9576,16.612,0.836
66,At-Tahrim,12,20.8,0.9681,18.139,0.886
67,Al-Mulk,30,11.1,0.961,13.676,1.946
68,Al-Qalam,52,5.8,0.95,7.705,2.042
69,Al-Haqqah,52,5.0,0.9541,9.469,2.384
70,Al-Maarij,44,4.9,0.9584,10.148,2.259
71,Nuh,28,8.1,0.962,13.397,2.204
72,Al-Jinn,28,10.2,0.9622,13.428,1.268
73,Al-Muzzammil,20,10.0,0.9567,13.026,2.343
74,Al-Muddaththir,56,4.6,0.9533,8.412,2.445
75,Al-Qiyamah,40,4.1,0.9556,8.007,2.546
76,Al-Insan,31,7.8,0.9615,13.034,1.99
77,Al-Mursalat,50,3.6,0.9574,7.363,1.371
78,An-Naba,40,4.3,0.9566,9.358,2.269
79,An-Naziat,46,3.9,0.9604,9.289,2.616
80,Abasa,42,3.2,0.9563,6.419,2.659
81,At-Takwir,29,3.6,0.961,8.331,2.935
82,Al-Infitar,19,4.2,0.9584,9.131,2.762
83,Al-Mutaffifin,36,4.7,0.9596,9.983,1.866
84,Al-Inshiqaq,25,4.3,0.9563,9.197,2.688
85,Al-Buruj,22,5.0,0.953,6.83,2.312
86,At-Tariq,17,3.6,0.9628,10.315,2.85
87,Al-Ala,19,3.8,0.9628,9.407,2.944
88,Al-Ghashiyah,26,3.5,0.956,6.975,2.527
89,Al-Fajr,30,4.6,0.9562,9.417,2.819
90,Al-Balad,20,4.1,0.9524,4.246,2.096
91,Ash-Shams,15,3.6,0.965,7.493,2.288
92,Al-Layl,21,3.4,0.9679,11.658,2.441
93,Ad-Duha,11,3.6,0.9633,8.517,3.074
94,Ash-Sharh,8,3.4,0.9596,4.717,2.655
95,At-Tin,8,4.2,0.9527,8.651,2.536
96,Al-Alaq,19,3.8,0.9615,9.742,2.885
97,Al-Qadr,5,6.0,0.9662,9.543,2.447
98,Al-Bayyinah,8,11.8,0.9673,15.118,1.586
99,Az-Zalzalah,8,4.5,0.9591,6.746,2.471
100,Al-Adiyat,11,3.6,0.9573,4.278,2.621
101,Al-Qariah,11,3.3,0.9574,5.145,2.354
102,At-Takathur,8,3.5,0.979,12.432,3.037
103,Al-Asr,3,4.7,0.9702,9.169,2.479
104,Al-Humazah,9,3.7,0.969,10.298,2.911
105,Al-Fil,5,4.6,0.9557,6.498,2.303
106,Quraysh,4,4.2,0.9682,8.94,2.776
107,Al-Maun,7,3.6,0.9676,11.673,2.826
108,Al-Kawthar,3,3.3,0.9803,12.931,3.553
109,Al-Kafirun,6,4.3,0.9687,2.252,1.746
110,An-Nasr,3,6.3,0.9808,15.077,2.846
111,Al-Masad,5,4.6,0.9619,5.758,2.577
112,Al-Ikhlas,4,3.8,0.9661,9.324,3.054
113,Al-Falaq,5,4.6,0.9762,12.016,2.948
114,An-Nas,6,3.3,0.9787,12.081,2.974
